date,jugador,precio,posicionJugador,puntosJugador,equipoLiga,avgPoints,estado,variacion,jornada,detalles,equipo,ganancias,num_pujas
2025-10-29,A. ZAKHARYAN,0.205,3.0,7.0,16.0,1.8,0,,11,2.0,,,0
2025-10-29,F. UGRINIC,0.17,3.0,8.0,19.0,2.0,0,,11,2.0,,,0
2025-10-29,A. OSAMBELA,0.162,3.0,10.0,50.0,2.5,0,,11,2.0,,,0
2025-10-29,A. SAN MIGUEL,0.198,1.0,0.0,4.0,0.0,0,,11,2.0,,,0
2025-10-29,A. ITURBE,0.196,1.0,0.0,23.0,0.0,0,,11,2.0,,,0
2025-10-29,U. IZETA,0.169,4.0,5.0,1.0,1.7,0,,11,2.0,,,0
2025-10-29,P. CISS,8.26,3.0,40.0,14.0,4.0,0,,11,2.0,,,0
2025-10-29,T. ALMADA,6.749,3.0,26.0,2.0,5.2,0,,11,2.0,Maldinillo ,-6.77343,1
2025-10-29,A. BLANCO,5.131,3.0,37.0,48.0,4.1,0,,11,2.0,,,0
2025-10-29,T. ALEXANDER-ARNOLD,5.9,2.0,10.0,15.0,2.5,0,,11,2.0,Chamac贸nicos,-7.0,2
2025-10-29,K. SALAS,2.585,2.0,17.0,17.0,4.3,0,,11,2.0,,,0
2025-10-29,N. MARA,0.16,2.0,0.0,48.0,0.0,0,,11,2.0,Dani,-0.16,0
2025-10-29,D. SORIA,6.065,1.0,41.0,9.0,4.1,0,,11,2.0,MuchaSalsa,-6.865,1
2025-10-29,L. JNIOR,4.227,1.0,29.0,20.0,4.1,0,,11,2.0,,,0
2025-10-29,D. CRDENAS,0.201,1.0,0.0,14.0,0.0,0,,11,2.0,,,0
2025-10-30,A. OSAMBELA,0.16,3.0,10.0,50.0,2.5,0,-0.002,11,1.0,,,0
2025-10-30,A. SILVA,7.491,4.0,47.0,23.0,5.2,0,0.139,11,1.0,Dani,-8.20886,1
2025-10-30,A. BOAYAR,0.16,4.0,1.0,23.0,1.0,0,,11,1.0,,,0
2025-10-30,Y. ASPRILLA,1.56,3.0,23.0,222.0,2.6,0,-0.048,11,1.0,,,0
2025-10-30,I. MUOZ,0.195,3.0,3.0,50.0,1.5,0,0.035,11,1.0,,,0
2025-10-30,F. UGRINIC,0.187,3.0,8.0,19.0,2.0,0,0.017,11,1.0,,,0
2025-10-30,L. KOUROUMA,0.167,3.0,2.0,222.0,0.7,0,-0.038,11,1.0,,,0
2025-10-30,I. AKHOMACH,0.16,3.0,12.0,20.0,2.4,0,-0.001,11,1.0,,,0
2025-10-30,P. CUBARSI,10.721,2.0,31.0,3.0,4.4,0,0.025,11,1.0,,,0
2025-10-30,P. NAVARRO,0.21,2.0,7.0,20.0,3.5,0,0.028,11,1.0,Libre,-0.21,1
2025-10-30,I. BALLIU,0.188,2.0,10.0,14.0,3.3,0,-0.002,11,1.0,,,0
2025-10-30,J. GALN,0.169,2.0,12.0,2.0,2.4,0,-0.077,11,1.0,De la Guettir FC,-0.3895,1
2025-10-31,F. UGRINIC,0.16,3.0,8.0,19.0,2.0,1,-0.027,11,0.5,,,0
2025-10-31,P. NAVARRO,0.181,2.0,7.0,20.0,3.5,0,-0.029,11,0.5,,,0
2025-10-31,K. GARCA,3.463,4.0,35.0,8.0,3.9,0,0.012,11,0.5,,,0
2025-10-31,J. MONCAYOLA,7.062,3.0,44.0,50.0,4.4,0,0.123,11,0.5,Libre,-7.21078,1
2025-10-31,L. RIOJA,5.762,3.0,35.0,19.0,3.5,0,-0.068,11,0.5,,,0
2025-10-31,B. DAZ,2.098,3.0,19.0,15.0,2.4,0,0.005,11,0.5,,,0
2025-10-31,P. TORRE,1.898,3.0,27.0,408.0,2.7,0,-0.032,11,0.5,Los marinero,-1.898,0
2025-10-31,N. GUDELJ,1.637,3.0,30.0,17.0,3.8,0,0.042,11,0.5,Los marinero,-1.737,3
2025-10-31,A. OSAMBELA,0.16,3.0,10.0,50.0,2.5,0,,11,0.5,,,0
2025-10-31,D. HANCKO,7.358,2.0,40.0,2.0,4.0,0,0.087,11,0.5,Dani,-7.58883,2
2025-10-31,. LEKUE,0.206,2.0,2.0,1.0,0.7,2,0.046,11,0.5,Chamac贸nicos,-0.20601,0
2025-10-31,P. LPEZ,5.134,1.0,33.0,4.0,4.7,0,-0.011,11,0.5,Los marinero,-5.684,1
2025-10-31,C. RIVERO,0.16,1.0,0.0,19.0,0.0,0,-0.032,11,0.5,,,0
2025-11-01,P. GARCA,0.56,4.0,18.0,4.0,3.0,0,-0.028,12,6.0,Los marinero,-0.58,0
2025-11-01,R. NTEKA,0.16,4.0,6.0,14.0,2.0,0,-0.017,12,6.0,,,0
2025-11-01,A. REINA,1.028,3.0,30.0,1370.0,3.3,0,-0.003,12,6.0,,,0
2025-11-01,F. UGRINIC,0.16,3.0,8.0,19.0,2.0,1,,12,6.0,,,0
2025-11-01,A. CATENA,9.862,2.0,43.0,50.0,4.3,0,-0.121,12,6.0,,,0
2025-11-01,A. LAPORTE,8.872,2.0,25.0,1.0,4.2,0,0.095,12,6.0,Maldinillo ,-9.072,0
2025-11-01,J. FOYTH,7.172,2.0,29.0,20.0,4.8,0,0.112,12,6.0,Maldinillo ,-7.572,3
2025-11-01,D. ALETA-CAR,3.604,2.0,25.0,16.0,3.1,0,-0.113,12,6.0,,,0
2025-11-01,M. RUBIO,0.673,2.0,22.0,8.0,5.5,0,-0.058,12,6.0,,,0
2025-11-01,M. RUGGERI,0.636,2.0,18.0,2.0,3.0,0,-0.052,12,6.0,,,0
2025-11-01,P. NAVARRO,0.168,2.0,7.0,20.0,3.5,0,-0.013,12,6.0,,,0
2025-11-01,DAVINCHI,0.16,2.0,19.0,9.0,2.7,1,,12,6.0,,,0
2025-11-02,I. WILLIAMS,6.555,4.0,22.0,1.0,2.4,1,-0.161,12,5.0,,,0
2025-11-02,D. RABA,1.599,4.0,19.0,19.0,2.4,0,-0.068,12,5.0,,,0
2025-11-02,ALEMO,1.388,4.0,25.0,14.0,3.1,0,0.022,12,5.0,,,0
2025-11-02,J. JIMNEZ,0.198,4.0,1.0,9.0,1.0,0,-0.002,12,5.0,,,0
2025-11-02,S. COSTA,4.672,3.0,31.0,408.0,3.9,0,0.009,12,5.0,,,0
2025-11-02,P. MARTNEZ,1.817,3.0,26.0,12.0,2.9,1,-0.091,12,5.0,,,0
2025-11-02,M. AGUADO,0.79,3.0,25.0,23.0,2.8,0,-0.045,12,5.0,,,0
2025-11-02,A. OSAMBELA,0.197,3.0,10.0,50.0,2.5,0,0.037,12,5.0,,,0
2025-11-02,D. COSTAS,0.253,2.0,16.0,1370.0,3.2,0,-0.009,12,5.0,,,0
2025-11-02,F. MENDY,0.21,2.0,0.0,15.0,0.0,0,0.041,12,5.0,,,0
2025-11-02,O. VLACHODIMOS,5.199,1.0,38.0,17.0,5.4,0,0.072,12,5.0,Chamac贸nicos,-6.5,3
2025-11-02,A. ITURBE,0.167,1.0,0.0,23.0,0.0,0,-0.014,12,5.0,,,0
2025-11-03,G. KOYALIPOU,0.541,4.0,22.0,12.0,3.1,0,0.013,12,4.0,Libre,-0.55325,1
2025-11-03,O. SANCET,9.917,3.0,22.0,1.0,2.4,0,-0.078,12,4.0,,,0
2025-11-03,D. CEBALLOS,2.886,3.0,26.0,15.0,3.3,0,-0.096,12,4.0,,,0
2025-11-03,J. MUOZ,0.207,3.0,9.0,9.0,2.3,0,0.047,12,4.0,Libre,-0.207,0
2025-11-03,J. ANDER OLASAGASTI,0.196,3.0,19.0,12.0,2.4,0,0.036,12,4.0,Chamac贸nicos,-0.216,0
2025-11-03,I. MUOZ,0.165,3.0,3.0,50.0,1.5,0,-0.027,12,4.0,,,0
2025-11-03,V. CHUST,3.43,2.0,30.0,23.0,3.8,0,0.015,12,4.0,Dani,-3.46291,0
2025-11-03,D. DJEN,2.766,2.0,34.0,9.0,3.1,0,0.04,12,4.0,Jotabetrbb,-3.001,2
2025-11-03,J. AIDOO,0.192,2.0,1.0,5.0,1.0,0,0.032,12,4.0,,,0
2025-11-03,L. ROMN,8.352,1.0,50.0,408.0,5.0,1,-0.211,12,4.0,,,0
2025-11-04,A. SRLOTH,6.801,4.0,20.0,2.0,2.0,0,-0.039,12,3.0,,,0
2025-11-04,R. MIR,6.69,4.0,58.0,23.0,5.3,0,0.099,12,3.0,Maldinillo ,-7.16025,3
2025-11-04,S. ALTIMIRA,7.006,3.0,31.0,4.0,4.4,0,-0.163,12,3.0,,,0
2025-11-04,S. COSTA,4.523,3.0,34.0,408.0,3.8,0,-0.128,12,3.0,,,0
2025-11-04,J. GUERRA,3.773,3.0,33.0,19.0,3.0,0,-0.147,12,3.0,,,0
2025-11-04,A. REGO,0.939,3.0,23.0,1.0,3.8,0,-0.049,12,3.0,,,0
2025-11-04,A. OSAMBELA,0.199,3.0,10.0,50.0,2.5,0,0.029,12,3.0,,,0
2025-11-04,K. SIBO,0.17,3.0,15.0,1370.0,2.5,0,-0.032,12,3.0,,,0
2025-11-04,C. AZPILICUETA,2.229,2.0,26.0,17.0,3.7,0,0.069,12,3.0,De la Guettir FC,-2.99997,2
2025-11-04,A. RUIBAL,1.639,2.0,32.0,4.0,4.0,0,-0.054,12,3.0,,,0
2025-11-04,J. MARTIN,0.639,2.0,13.0,16.0,4.3,0,0.039,12,3.0,De la Guettir FC,-0.923005,2
2025-11-04,J. LETACEK,0.193,1.0,0.0,9.0,0.0,0,0.033,12,3.0,,,0
2025-11-04,A. SAN MIGUEL,0.16,1.0,0.0,4.0,0.0,0,-0.037,12,3.0,,,0
2025-11-05,N. PP,15.024,4.0,64.0,20.0,5.8,0,0.009,12,2.0,De la Guettir FC,-15.48785,0
2025-11-05,RODRYGO,6.076,4.0,23.0,15.0,2.6,0,-0.027,12,2.0,,,0
2025-11-05,R. BARDGHJI,3.24,4.0,22.0,3.0,3.1,0,-0.054,12,2.0,,,0
2025-11-05,G. KOYALIPOU,0.521,4.0,22.0,12.0,3.1,0,-0.016,12,2.0,,,0
2025-11-05,L. MILLA,13.459,3.0,63.0,9.0,5.7,0,0.116,12,2.0,MuchaSalsa,-16.409,4
2025-11-05,M. MARTN,1.833,3.0,44.0,9.0,4.0,0,0.063,12,2.0,Maldinillo ,-2.015778,2
2025-11-05,P. FERNNDEZ,0.177,3.0,21.0,17.0,2.6,0,-0.019,12,2.0,,,0
2025-11-05,J. MUOZ,0.19,3.0,9.0,9.0,2.3,0,0.018,12,2.0,,,0
2025-11-05,S. CAZORLA,0.16,3.0,19.0,1370.0,2.7,3,,12,2.0,Chamac贸nicos,-0.166666,0
2025-11-05,Y. BERCHICHE,6.521,2.0,35.0,1.0,3.2,3,-0.005,12,2.0,,,0
2025-11-05,R. ASENCIO,2.673,2.0,22.0,15.0,3.7,0,-0.053,12,2.0,,,0
2025-11-05,J. PACHECO,1.18,2.0,22.0,48.0,3.7,1,-0.058,12,2.0,,,0
2025-11-05,M. RUGGERI,0.556,2.0,22.0,2.0,3.1,0,-0.001,12,2.0,Dani,-0.59582,1
2025-11-05,A. SAN MIGUEL,0.174,1.0,0.0,4.0,0.0,0,0.014,12,2.0,Libre,-0.17402,0
2025-11-06,A. FEBAS,9.107,3.0,49.0,23.0,4.5,0,0.145,12,1.0,Maldinillo ,-10.01,1
2025-11-06,T. ALMADA,7.608,3.0,37.0,2.0,6.2,0,0.148,12,1.0,Maldinillo ,-8.36,2
2025-11-06,J. JORDAN,0.171,3.0,0.0,17.0,0.0,3,,12,1.0,,,0
2025-11-06,A. OSAMBELA,0.16,3.0,10.0,50.0,2.5,0,,12,1.0,,,0
2025-11-06,S. GMEZ,6.418,2.0,38.0,16.0,3.5,0,0.057,12,1.0,,,0
2025-11-06,N. VIDAL,0.778,2.0,21.0,1370.0,2.6,0,0.037,12,1.0,De la Guettir FC,-1.175557,2
2025-11-06,U. ELGEZABAL,0.491,2.0,20.0,12.0,2.5,0,-0.013,12,1.0,,,0
2025-11-06,I. BALLIU,0.179,2.0,12.0,14.0,3.0,0,0.019,12,1.0,Libre,-0.179,0
2025-11-06,DAVINCHI,0.16,2.0,19.0,9.0,2.7,1,-0.017,12,1.0,,,0
2025-11-06,L. JNIOR,4.789,1.0,35.0,20.0,4.4,0,0.17,12,1.0,Maldinillo ,-5.17,1
2025-11-06,L. BERGSTRM,0.51,1.0,4.0,408.0,4.0,0,0.072,12,1.0,,,0
2025-11-07,H. DURO,6.724,4.0,34.0,19.0,3.1,0,-0.046,12,0.5,,,0
2025-11-07,R. BARDGHJI,3.098,4.0,22.0,3.0,3.1,0,-0.049,12,0.5,,,0
2025-11-07,G. KOYALIPOU,0.492,4.0,22.0,12.0,3.1,0,-0.012,12,0.5,,,0
2025-11-07,A. LISO,5.803,3.0,49.0,9.0,6.1,0,0.08,12,0.5,Maldinillo ,-6.14411,2
2025-11-07,PEPELU,5.246,3.0,22.0,19.0,2.4,0,0.064,12,0.5,Dani,-5.26982,1
2025-11-07,Y. ASPRILLA,1.13,3.0,23.0,222.0,2.6,0,-0.043,12,0.5,,,0
2025-11-07,P. DAZ,0.979,3.0,31.0,14.0,2.8,0,-0.004,12,0.5,Chamac贸nicos,-1.219,0
2025-11-07,C. EJUKE,0.55,3.0,18.0,17.0,2.3,0,0.02,12,0.5,Libre,-0.55,0
2025-11-07,Y. SANTIAGO,0.16,3.0,2.0,23.0,2.0,0,-0.026,12,0.5,,,0
2025-11-07,A. ELUSTONDO,0.183,2.0,4.0,16.0,1.3,0,0.01,12,0.5,,,0
2025-11-07,D. ALABA,0.16,2.0,6.0,15.0,2.0,3,-0.019,12,0.5,Chamac贸nicos,-0.160001,0
2025-11-07,C. RIVERO,0.183,1.0,0.0,19.0,0.0,0,-0.001,12,0.5,,,0
2025-11-07,A. SAN MIGUEL,0.16,1.0,0.0,4.0,0.0,0,-0.003,12,0.5,,,0
2025-11-08,D. RABA,1.281,4.0,19.0,19.0,2.4,0,-0.036,13,13.0,,,0
2025-11-08,G. RASPADORI,0.16,4.0,11.0,2.0,1.6,0,,13,13.0,,,0
2025-11-08,A. BAENA,15.391,3.0,33.0,2.0,5.5,0,0.017,13,13.0,De la Guettir FC,-16.899899,3
2025-11-08,C. LVAREZ,7.485,3.0,50.0,12.0,4.5,0,0.027,13,13.0,De la Guettir FC,-7.889989,0
2025-11-08,L. AGOUM,6.741,3.0,40.0,17.0,4.4,1,-0.13,13,13.0,,,0
2025-11-08,Y. ASPRILLA,1.089,3.0,23.0,222.0,2.6,0,-0.041,13,13.0,,,0
2025-11-08,J. MUOZ,0.164,3.0,9.0,9.0,2.3,0,-0.008,13,13.0,,,0
2025-11-08,L. BELTRN,0.16,3.0,11.0,19.0,1.4,0,,13,13.0,,,0
2025-11-08,Y. SANTIAGO,0.16,3.0,2.0,23.0,2.0,0,,13,13.0,,,0
2025-11-08,R. VEIGA,6.989,2.0,32.0,20.0,3.2,0,0.078,13,13.0,De la Guettir FC,-7.335333,1
2025-11-08,I. BALLIU,0.174,2.0,12.0,14.0,3.0,0,-0.003,13,13.0,,,0
2025-11-08,. NYLAND,0.301,1.0,12.0,17.0,3.0,0,-0.037,13,13.0,,,0
2025-11-09,P. DURN,1.571,4.0,36.0,5.0,4.0,0,0.04,13,12.0,,,0
2025-11-09,U. IZETA,0.16,4.0,5.0,1.0,1.7,0,,13,12.0,,,0
2025-11-09,D. CEBALLOS,2.732,3.0,26.0,15.0,3.3,0,0.015,13,12.0,,,0
2025-11-09,A. SNCHEZ,0.16,3.0,12.0,408.0,1.5,0,-0.16,13,12.0,,,0
2025-11-09,R. ARAJO,9.266,2.0,48.0,3.0,5.3,0,0.15,13,12.0,Dani,-9.5402,0
2025-11-09,D. BLIND,3.837,2.0,38.0,222.0,3.2,0,0.001,13,12.0,,,0
2025-11-09,U. EGILUZ,0.16,2.0,0.0,1.0,0.0,1,-0.038,13,12.0,,,0
2025-11-09,P. ESPINO,0.16,2.0,20.0,14.0,2.9,0,-0.008,13,12.0,,,0
2025-11-09,D. CALVO,0.16,2.0,19.0,1370.0,3.2,0,,13,12.0,,,0
2025-11-09,A. SIVERA,7.83,1.0,54.0,48.0,4.5,0,0.055,13,12.0,,,0
2025-11-10,T. ASANO,0.248,4.0,23.0,408.0,3.3,0,-0.031,13,11.0,,,0
2025-11-10,E. VILA,0.19,4.0,4.0,4.0,1.0,0,0.03,13,11.0,,,0
2025-11-10,M. GMEZ,4.819,3.0,37.0,50.0,3.7,0,0.131,13,11.0,Chamac贸nicos,-5.219,3
2025-11-10,B. PRADOS,0.181,3.0,4.0,1.0,2.0,1,0.013,13,11.0,,,0
2025-11-10,D. VAN DE BEEK,0.16,3.0,4.0,222.0,2.0,1,,13,11.0,,,0
2025-11-10,P. CHAVARRA,10.591,2.0,63.0,14.0,5.3,0,0.062,13,11.0,De la Guettir FC,-11.411211,3
2025-11-10,A. RAIU,6.872,2.0,48.0,14.0,4.0,0,0.056,13,11.0,Dani,-7.15424,2
2025-11-10,J. IGLESIAS,5.642,2.0,49.0,9.0,4.5,0,0.033,13,11.0,Libre,-5.642,0
2025-11-10,J. RUEDA,2.691,2.0,38.0,5.0,5.4,1,-0.112,13,11.0,,,0
2025-11-10,M. DIARRA,0.16,2.0,5.0,48.0,1.7,0,-0.03,13,11.0,,,0
2025-11-11,RODRYGO,5.726,4.0,24.0,15.0,2.4,0,-0.072,13,10.0,,,0
2025-11-11,R. BARDGHJI,2.729,4.0,22.0,3.0,3.1,0,-0.112,13,10.0,,,0
2025-11-11,J. LUIS MORALES,1.391,4.0,33.0,12.0,2.8,0,-0.029,13,10.0,,,0
2025-11-11,P. GUEYE,10.46,3.0,53.0,20.0,4.8,0,-0.071,13,10.0,,,0
2025-11-11,P. LOZANO,5.115,3.0,46.0,8.0,3.8,0,-0.043,13,10.0,,,0
2025-11-11,L. RIOJA,5.075,3.0,46.0,19.0,3.8,0,0.031,13,10.0,Los marinero,-5.325,0
2025-11-11,J. GUERRA,3.202,3.0,36.0,19.0,3.0,0,-0.069,13,10.0,,,0
2025-11-11,A. REBBACH,0.611,3.0,32.0,48.0,3.6,0,-0.022,13,10.0,,,0
2025-11-11,C. EJUKE,0.488,3.0,19.0,17.0,2.1,0,-0.031,13,10.0,,,0
2025-11-11,A. ALMEIDA,0.32,3.0,13.0,19.0,2.2,0,0.023,13,10.0,,,0
2025-11-11,Y. ENRQUEZ,1.692,2.0,30.0,48.0,3.3,0,-0.018,13,10.0,,,0
2025-11-11,F. CALERO,1.693,2.0,34.0,8.0,4.3,0,-0.064,13,10.0,,,0
2025-11-11,V. ROSIER,1.569,2.0,28.0,50.0,3.5,1,-0.081,13,10.0,,,0
2025-11-11,J. RODRGUEZ,1.108,2.0,28.0,5.0,2.8,0,0.005,13,10.0,,,0
2025-11-11,V. PARADA,0.555,2.0,22.0,48.0,2.2,0,-0.008,13,10.0,,,0
2025-11-12,G. MIKAUTADZE,9.801,4.0,33.0,20.0,4.7,3,-0.136,13,9.0,,,0
2025-11-12,R. GARCA DE HARO,1.066,4.0,34.0,50.0,2.8,0,-0.013,13,9.0,,,0
2025-11-12,V. TSYGANKOV,4.533,3.0,24.0,222.0,4.0,0,0.171,13,9.0,Chamac贸nicos,-4.893,2
2025-11-12,D. VAN DE BEEK,0.181,3.0,4.0,222.0,2.0,1,0.021,13,9.0,,,0
2025-11-12,A. OSAMBELA,0.16,3.0,10.0,50.0,2.5,0,-0.008,13,9.0,,,0
2025-11-12,. CARRERAS,12.263,2.0,61.0,15.0,5.1,0,0.095,13,9.0,Libre,-12.73614,1
2025-11-12,J. ARAMBURU,2.267,2.0,31.0,16.0,2.8,0,0.049,13,9.0,Libre,-2.28194,1
2025-11-12,C. LENGLET,1.262,2.0,12.0,2.0,2.4,0,-0.056,13,9.0,,,0
2025-11-12,A. ELUSTONDO,0.192,2.0,4.0,16.0,1.0,0,0.032,13,9.0,,,0
2025-11-12,DAVINCHI,0.191,2.0,19.0,9.0,2.7,1,-0.006,13,9.0,,,0
2025-11-12,I. VILLAR,0.179,1.0,0.0,5.0,0.0,0,-0.015,13,9.0,,,0
2025-11-12,A. SAN MIGUEL,0.196,1.0,0.0,4.0,0.0,0,0.036,13,9.0,,,0
2025-11-13,T. ASANO,0.186,4.0,23.0,408.0,3.3,0,0.026,13,8.0,,,0
2025-11-13,F. LPEZ,12.66,3.0,57.0,3.0,7.1,0,0.123,13,8.0,Maldinillo ,-13.86,2
2025-11-13,H. LVAREZ,1.419,3.0,25.0,5.0,3.6,3,-0.069,13,8.0,,,0
2025-11-13,C. EJUKE,0.413,3.0,19.0,17.0,2.1,0,-0.041,13,8.0,,,0
2025-11-13,N. TENAGLIA,10.315,2.0,58.0,48.0,5.3,0,0.051,13,8.0,,,0
2025-11-13,Y. ENRQUEZ,1.677,2.0,30.0,48.0,3.3,0,-0.011,13,8.0,,,0
2025-11-13,V. ROSIER,1.419,2.0,28.0,50.0,3.5,1,-0.073,13,8.0,,,0
2025-11-13,J. PACHECO,1.037,2.0,22.0,48.0,3.7,0,0.019,13,8.0,,,0
2025-11-13,J. COPETE,0.354,2.0,14.0,19.0,1.6,0,0.001,13,8.0,,,0
2025-11-13,. ODRIOZOLA,0.202,2.0,14.0,16.0,14.0,0,0.005,13,8.0,,,0
2025-11-13,I. BALLIU,0.16,2.0,12.0,14.0,3.0,0,-0.028,13,8.0,,,0
2025-11-13,J. CRUZ,0.167,2.0,15.0,50.0,1.9,0,-0.002,13,8.0,,,0
2025-11-13,M. RUBIO,0.16,2.0,24.0,8.0,4.8,0,,13,8.0,,,0
2025-11-14,S. RONDN,2.055,4.0,32.0,1370.0,2.9,0,-0.05,13,7.0,,,0
2025-11-14,A. BLANCO,5.412,3.0,46.0,48.0,4.2,0,0.046,13,7.0,Libre,-5.52439,1
2025-11-14,S. COLOMBATTO,1.71,3.0,27.0,1370.0,3.4,0,0.027,13,7.0,Libre,-1.71,0
2025-11-14,M. ROMN,0.16,3.0,18.0,5.0,4.5,0,-0.037,13,7.0,,,0
2025-11-14,F. UGRINIC,0.16,3.0,8.0,19.0,2.0,3,,13,7.0,,,0
2025-11-14,A. PEDROSA,0.578,2.0,27.0,23.0,3.4,0,0.019,13,7.0,,,0
2025-11-14,V. PARADA,0.506,2.0,22.0,48.0,2.2,0,-0.026,13,7.0,,,0
2025-11-14,D. LPEZ,0.191,2.0,2.0,408.0,2.0,0,0.031,13,7.0,,,0
2025-11-14,D. LPEZ,0.191,2.0,2.0,408.0,2.0,0,-0.064,13,7.0,,,0
2025-11-14,D. LPEZ,0.191,2.0,2.0,408.0,2.0,0,-0.013,13,7.0,,,0
2025-11-14,J. DONALD,0.183,2.0,20.0,23.0,2.5,0,-0.013,13,7.0,,,0
2025-11-14,B. DIABY,0.16,2.0,3.0,23.0,1.5,0,-0.027,13,7.0,,,0
2025-11-14,J. MUSSO,0.16,1.0,0.0,2.0,0.0,0,-0.015,13,7.0,,,0
2025-11-15,A. BUDIMIR,11.358,4.0,50.0,50.0,4.5,3,-0.096,13,6.0,,,0
2025-11-15,B. MAYORAL,9.348,4.0,42.0,9.0,4.7,0,0.161,13,6.0,Dani,-9.70708,1
2025-11-15,J. PUADO,4.658,4.0,35.0,8.0,4.4,3,-0.086,13,6.0,,,0
2025-11-15,R. GARCA DE HARO,1.01,4.0,34.0,50.0,2.8,0,-0.018,13,6.0,,,0
2025-11-15,M. DOMNECH,0.16,4.0,15.0,408.0,2.1,0,-0.039,13,6.0,,,0
2025-11-15,A. DADIE,0.16,3.0,0.0,16.0,0.0,0,,13,6.0,,,0
2025-11-15,U. ELGEZABAL,0.316,2.0,22.0,12.0,2.4,0,-0.025,13,6.0,,,0
2025-11-15,D. CALVO,0.171,2.0,19.0,1370.0,3.2,0,0.011,13,6.0,,,0
2025-11-15,A. NYOM,0.16,2.0,-6.0,9.0,-2.0,0,,13,6.0,,,0
2025-11-15,A. PADILLA,0.163,1.0,0.0,1.0,0.0,0,-0.047,13,6.0,,,0
2025-11-16,T. MARTNEZ,5.905,4.0,56.0,48.0,4.7,0,-0.048,13,5.0,,,0
2025-11-16,J. MONCAYOLA,8.694,3.0,51.0,50.0,4.3,1,-0.127,13,5.0,,,0
2025-11-16,S. AMRABAT,8.734,3.0,39.0,4.0,5.6,0,0.161,13,5.0,Los marinero,-9.994909,2
2025-11-16,B. SANTAMARIA,1.521,3.0,31.0,19.0,2.6,0,-0.054,13,5.0,,,0
2025-11-16,I. MUOZ,0.302,3.0,11.0,50.0,2.8,0,0.009,13,5.0,,,0
2025-11-16,G. DIANGANA,0.161,3.0,8.0,23.0,2.0,0,-0.015,13,5.0,,,0
2025-11-16,. SANCRIS,0.16,3.0,16.0,9.0,2.3,0,-0.004,13,5.0,,,0
2025-11-16,Y. ENRQUEZ,1.627,2.0,30.0,48.0,3.3,0,-0.012,13,5.0,,,0
2025-11-16,V. ROSIER,1.222,2.0,28.0,50.0,3.5,1,-0.061,13,5.0,,,0
2025-11-16,J. CRUZ,0.16,2.0,15.0,50.0,1.9,0,,13,5.0,,,0
2025-11-16,J. AGIRREZABALA,9.943,1.0,51.0,19.0,4.3,0,0.109,13,5.0,,,0
2025-11-16,A. REMIRO,6.901,1.0,42.0,16.0,3.5,0,-0.112,13,5.0,,,0
2025-11-17,B. IGLESIAS,12.637,4.0,69.0,5.0,5.8,0,0.056,13,4.0,Dani,-13.33184,1
2025-11-17,P. MILLA,10.088,4.0,56.0,8.0,5.6,0,0.006,13,4.0,,,0
2025-11-17,S. RONDN,1.9,4.0,32.0,1370.0,2.9,0,-0.05,13,4.0,,,0
2025-11-17,. BERENGUER,4.84,3.0,32.0,1.0,3.2,0,-0.098,13,4.0,,,0
2025-11-17,A. ALMEIDA,0.534,3.0,13.0,19.0,2.2,0,0.014,13,4.0,Jotabetrbb,-0.634,1
2025-11-17,J. MOJICA,8.881,2.0,47.0,408.0,3.9,0,0.071,13,4.0,,,0
2025-11-17,S. GMEZ,5.884,2.0,40.0,16.0,3.3,0,-0.105,13,4.0,,,0
2025-11-17,M. MOREY,0.164,2.0,30.0,408.0,3.3,0,-0.001,13,4.0,,,0
2025-11-17,J. CARLOS MARTN,0.199,1.0,0.0,222.0,0.0,1,0.039,13,4.0,,,0
2025-11-17,S. DIMITRIEVSKI,0.16,1.0,0.0,19.0,0.0,0,-0.034,13,4.0,,,0
2025-11-18,R. FERNNDEZ,10.007,4.0,56.0,8.0,4.7,0,0.052,13,3.0,,,0
2025-11-18,R. FERNNDEZ,10.007,4.0,56.0,8.0,4.7,0,0.03,13,3.0,,,0
2025-11-18,H. DURO,5.548,4.0,36.0,19.0,3.0,0,-0.097,13,3.0,,,0
2025-11-18,A. TCHOUAMNI,12.067,3.0,56.0,15.0,5.1,3,-0.065,13,3.0,,,0
2025-11-18,ISCO,11.371,3.0,0.0,4.0,0.0,3,0.061,13,3.0,Maldinillo ,-17.6498,4
2025-11-18,J. MONCAYOLA,8.283,3.0,51.0,50.0,4.3,1,-0.202,13,3.0,,,0
2025-11-18,M. ARAMBARRI,8.259,3.0,53.0,9.0,4.4,0,0.122,13,3.0,Libre,-8.26278,0
2025-11-18,I. BENITO,0.16,3.0,25.0,50.0,5.0,1,-0.01,13,3.0,,,0
2025-11-18,. CARRERAS,12.712,2.0,61.0,15.0,5.1,0,0.065,13,3.0,,,0
2025-11-18,N. TENAGLIA,10.447,2.0,58.0,48.0,5.3,0,0.018,13,3.0,,,0
2025-11-18,S. GMEZ,5.781,2.0,40.0,16.0,3.3,0,-0.103,13,3.0,,,0
2025-11-18,J. LUIS GAY,2.258,2.0,15.0,19.0,1.5,0,0.05,13,3.0,Dani,-2.6011,2
2025-11-18,Y. ENRQUEZ,1.603,2.0,30.0,48.0,3.3,0,-0.007,13,3.0,,,0
2025-11-18,V. PARADA,0.369,2.0,22.0,48.0,2.2,0,-0.029,13,3.0,,,0
2025-11-18,M. KUMBULLA,0.198,2.0,10.0,408.0,2.5,3,-0.008,13,3.0,Chamac贸nicos,-0.199999,0
2025-12-23,M. ARAMBARRI,10.858,3.0,77.0,9.0,4.5,0,-0.083,18,10.0,,,0
2025-12-23,M. RYAN,8.431,1.0,65.0,12.0,4.6,0,-0.074,18,10.0,,,0
2025-12-23,A. SIVERA,5.782,1.0,77.0,48.0,4.5,0,-0.003,18,10.0,,,0
2025-12-23,S. BECKER,0.193,4.0,19.0,50.0,2.1,0,0.007,18,10.0,,,0
2025-12-23,T. FERNNDEZ,0.16,4.0,3.0,3.0,3.0,0,-0.034,18,10.0,,,0
2025-12-23,V. TSYGANKOV,6.373,3.0,50.0,222.0,4.5,0,0.077,18,10.0,Maldinillo ,-6.43482,1
2025-12-23,F. MASTANTUONO,4.174,3.0,35.0,15.0,3.5,0,-0.171,18,10.0,,,0
2025-12-23,C. GALLAGHER,1.626,3.0,63.0,2.0,3.5,0,0.032,18,10.0,Jotabetrbb,-1.826,1
2025-12-23,. MINGUEZA,9.895,2.0,62.0,5.0,4.4,0,-0.091,18,10.0,,,0
2025-12-23,A. MARTNEZ,5.057,2.0,52.0,222.0,3.5,0,-0.05,18,10.0,,,0
2025-12-23,A. BRETONES,4.503,2.0,54.0,50.0,3.6,5,0.08,18,10.0,Maldinillo ,-4.61904,0
2025-12-23,C. LENGLET,1.424,2.0,29.0,2.0,3.2,3,-0.065,18,10.0,,,0
2025-12-23,J. DONALD,0.16,2.0,29.0,23.0,2.6,0,-0.006,18,10.0,,,0
2025-12-23,C. RIVERO,0.187,1.0,0.0,19.0,0.0,0,0.027,18,10.0,,,0
2025-12-24,L. BOY,4.996,4.0,54.0,48.0,4.5,3,-0.082,18,9.0,,,0
2025-12-24,J. ARANGO,0.191,4.0,0.0,222.0,0.0,0,0.023,18,9.0,,,0
2025-12-24,M. ARAMBARRI,10.797,3.0,77.0,9.0,4.5,0,-0.061,18,9.0,,,0
2025-12-24,C. LVAREZ,7.831,3.0,69.0,12.0,4.3,0,-0.059,18,9.0,,,0
2025-12-24,B. SANTAMARIA,0.19,3.0,36.0,19.0,2.4,0,0.03,18,9.0,,,0
2025-12-24,D. FERNANDEZ,0.168,3.0,13.0,3.0,3.3,0,-0.018,18,9.0,,,0
2025-12-24,D. RICO,1.2,2.0,44.0,9.0,2.8,0,-0.042,18,9.0,,,0
2025-12-24,J. SNCHEZ,0.734,2.0,34.0,17.0,2.6,0,-0.038,18,9.0,,,0
2025-12-24,M. DIAKHABY,0.523,2.0,33.0,19.0,4.7,0,0.051,18,9.0,,,0
2025-12-24,M. RYAN,8.389,1.0,65.0,12.0,4.6,0,-0.042,18,9.0,,,0
2025-12-24,J. AGIRREZABALA,6.949,1.0,74.0,19.0,4.4,0,-0.063,18,9.0,,,0
2025-12-24,A. SIVERA,5.792,1.0,77.0,48.0,4.5,0,0.01,18,9.0,,,0
2025-12-24,P. CAMPOS,0.16,1.0,11.0,12.0,5.5,0,,18,9.0,,,0
2025-12-25,. FORS,0.174,4.0,22.0,1370.0,2.2,0,0.014,18,8.0,,,0
2025-12-25,M. JAUREGIZAR,6.432,3.0,67.0,1.0,3.7,0,0.04,18,8.0,Maldinillo ,-6.4321,0
2025-12-25,S. COLOMBATTO,0.627,3.0,40.0,1370.0,3.1,0,-0.052,18,8.0,,,0
2025-12-25,B. DAZ,0.41,3.0,25.0,15.0,2.1,4,-0.076,18,8.0,,,0
2025-12-25,D. VIVIAN,6.527,2.0,44.0,1.0,2.8,0,-0.085,18,8.0,,,0
2025-12-25,R. ARAJO,5.697,2.0,58.0,3.0,5.3,3,-0.093,18,8.0,,,0
2025-12-25,D. RICO,1.16,2.0,44.0,9.0,2.8,0,-0.04,18,8.0,,,0
2025-12-25,A. DE LA FUENTE,0.343,2.0,42.0,12.0,3.2,0,0.035,18,8.0,,,0
2025-12-25,F. GARCA,0.27,2.0,7.0,15.0,1.2,0,-0.036,18,8.0,,,0
2025-12-25,D. FOULQUIER,0.16,2.0,23.0,19.0,2.3,0,,18,8.0,,,0
2025-12-26,S. AMRABAT,7.606,3.0,45.0,4.0,5.6,4,-0.104,18,7.0,,,0
2025-12-26,B. MENDY,2.191,3.0,51.0,17.0,3.9,0,0.055,18,7.0,,,0
2025-12-26,H. SOTELO,1.184,3.0,46.0,5.0,3.8,3,-0.053,18,7.0,,,0
2025-12-26,L. ASTIAZARAN,0.197,3.0,0.0,16.0,0.0,0,0.02,18,7.0,,,0
2025-12-26,F. BELTRN,0.192,3.0,22.0,5.0,2.2,0,-0.034,18,7.0,,,0
2025-12-26,H. LVAREZ,0.163,3.0,28.0,5.0,3.1,0,-0.037,18,7.0,,,0
2025-12-26,A. CATENA,10.229,2.0,75.0,50.0,4.7,0,0.051,18,7.0,,,0
2025-12-26,N. MOLINA,0.864,2.0,28.0,2.0,2.2,0,-0.056,18,7.0,,,0
2025-12-26,J. CABELLO,0.165,2.0,11.0,12.0,2.2,0,-0.036,18,7.0,,,0
2025-12-26,D. CALVO,0.16,2.0,29.0,1370.0,3.2,0,-0.02,18,7.0,,,0
