id,nombre,posicion,foto_url,club
56583,A. Batalla,Portero,https://cdn-mister.mundodeportivo.com/file/cdn-common/players/56583.png?version=20251004224404,Rayo Vallecano
611,A. Escandell,Portero,https://cdn-mister.mundodeportivo.com/file/cdn-common/players/611.png?version=20251228214118,Real Oviedo
14379,A. Fernández,Portero,https://cdn-mister.mundodeportivo.com/file/cdn-common/players/14379.png?version=20231217203816,CA Osasuna
64410,A. Iturbe,Portero,https://cdn-mister.mundodeportivo.com/file/cdn-common/players/64410.png?version=20250717112218,Elche CF
13005,A. Lunin,Portero,https://cdn-mister.mundodeportivo.com/file/cdn-common/players/13005.png?version=20251003183429,Real Madrid
59089,A. Padilla,Portero,https://cdn-mister.mundodeportivo.com/file/cdn-common/players/59089.png?version=20240716201319,Athletic Club
6032,A. Remiro,Portero,https://cdn-mister.mundodeportivo.com/file/cdn-common/players/6032.png?version=20251004233029,Real Sociedad
59013,A. San Miguel,Portero,https://cdn-mister.mundodeportivo.com/file/cdn-common/players/59013.png?version=20240708204937,Real Betis Balompié
7893,A. Sivera,Portero,https://cdn-mister.mundodeportivo.com/file/cdn-common/players/7893.png?version=20251006023923,Deportivo Alavés
49033,A. Tenas,Portero,https://cdn-mister.mundodeportivo.com/file/cdn-common/players/49033.png?version=20250828103209,Villarreal CF
27422,C. Rivero,Portero,https://cdn-mister.mundodeportivo.com/file/cdn-common/players/27422.png?version=20251006014848,Valencia CF
27855,D. Conde,Portero,https://cdn-mister.mundodeportivo.com/file/cdn-common/players/27855.png?version=20251006021002,Villarreal CF
24742,D. Cárdenas,Portero,https://cdn-mister.mundodeportivo.com/file/cdn-common/players/24742.png?version=20251004225200,Rayo Vallecano
609,D. Soria,Portero,https://cdn-mister.mundodeportivo.com/file/cdn-common/players/609.png?version=20251003195901,Getafe CF
56948,H. Moldovan,Portero,https://cdn-mister.mundodeportivo.com/file/cdn-common/players/56948.png?version=20250719083836,Real Oviedo
20320,I. Peña,Portero,https://cdn-mister.mundodeportivo.com/file/cdn-common/players/20320.png?version=20251006023309,Elche CF
63705,I. Radu,Portero,https://cdn-mister.mundodeportivo.com/file/cdn-common/players/63705.png?version=20250610102418,RC Celta de Vigo
6035,I. Villar,Portero,https://cdn-mister.mundodeportivo.com/file/cdn-common/players/6035.png?version=20251003195129,RC Celta de Vigo
28774,J. Agirrezabala,Portero,https://cdn-mister.mundodeportivo.com/file/cdn-common/players/28774.png?version=20251006020123,Valencia CF
48208,J. Carlos Martín,Portero,https://cdn-mister.mundodeportivo.com/file/cdn-common/players/48208.png?version=20220620114505,Girona FC
29166,J. Garcia,Portero,https://cdn-mister.mundodeportivo.com/file/cdn-common/players/29166.png?version=20260217184424,FC Barcelona
59064,J. Letacek,Portero,https://cdn-mister.mundodeportivo.com/file/cdn-common/players/59064.png?version=20240714083538,Getafe CF
59642,J. Musso,Portero,https://cdn-mister.mundodeportivo.com/file/cdn-common/players/59642.png?version=20251003193911,Atlético de Madrid
31,J. Oblak,Portero,https://cdn-mister.mundodeportivo.com/file/cdn-common/players/31.png?version=20251003193809,Atlético de Madrid
64400,L. Bergström,Portero,https://cdn-mister.mundodeportivo.com/file/cdn-common/players/64400.png?version=20250715133618,RCD Mallorca
59581,L. Júnior,Portero,https://cdn-mister.mundodeportivo.com/file/cdn-common/players/59581.png?version=20251006021122,Villarreal CF
30444,L. Román,Portero,https://cdn-mister.mundodeportivo.com/file/cdn-common/players/30444.png?version=20250515145822,RCD Mallorca
28395,M. Dituro,Portero,https://cdn-mister.mundodeportivo.com/file/cdn-common/players/28395.png?version=20250617224159,Elche CF
7025,M. Dmitrović,Portero,https://cdn-mister.mundodeportivo.com/file/cdn-common/players/7025.png?version=20251003195646,RCD Espanyol
28612,M. Ryan,Portero,https://cdn-mister.mundodeportivo.com/file/cdn-common/players/28612.png?version=20250829183411,Levante UD
65111,O. Vlachodimos,Portero,https://cdn-mister.mundodeportivo.com/file/cdn-common/players/65111.png?version=20250812211744,Sevilla FC
64458,P. Campos,Portero,https://cdn-mister.mundodeportivo.com/file/cdn-common/players/64458.png?version=20250723185510,Levante UD
408,P. Cuéllar,Portero,https://cdn-mister.mundodeportivo.com/file/cdn-common/players/408.png?version=20251006031422,RCD Mallorca
25606,P. Gazzaniga,Portero,https://cdn-mister.mundodeportivo.com/file/cdn-common/players/25606.png?version=20231218194434,Girona FC
168,P. López,Portero,https://cdn-mister.mundodeportivo.com/file/cdn-common/players/168.png?version=20240816111334,Real Betis Balompié
110,R. Blanco,Portero,https://cdn-mister.mundodeportivo.com/file/cdn-common/players/110.png?version=20260210191941,Girona FC
6025,R. Fernández,Portero,https://cdn-mister.mundodeportivo.com/file/cdn-common/players/6025.png?version=20250714164206,Deportivo Alavés
213,S. Dimitrievski,Portero,https://cdn-mister.mundodeportivo.com/file/cdn-common/players/213.png?version=20251006020443,Valencia CF
17615,S. Herrera,Portero,https://cdn-mister.mundodeportivo.com/file/cdn-common/players/17615.png?version=20231222183854,CA Osasuna
14670,T. Courtois,Portero,https://cdn-mister.mundodeportivo.com/file/cdn-common/players/14670.png?version=20251003184139,Real Madrid
58,T. Stegen,Portero,https://cdn-mister.mundodeportivo.com/file/cdn-common/players/58.png?version=20251003184840,Girona FC
55664,U. Marrero,Portero,https://cdn-mister.mundodeportivo.com/file/cdn-common/players/55664.png?version=20251004234343,Real Sociedad
14811,U. Simón,Portero,https://cdn-mister.mundodeportivo.com/file/cdn-common/players/14811.png?version=20251216212451,Athletic Club
61178,V. Krapyvtsov,Portero,https://cdn-mister.mundodeportivo.com/file/cdn-common/players/61178.png?version=20250204131824,Girona FC
60227,W. Szczęsny,Portero,https://cdn-mister.mundodeportivo.com/file/cdn-common/players/60227.png?version=20241002145503,FC Barcelona
29167,Á. Fortuño,Portero,https://cdn-mister.mundodeportivo.com/file/cdn-common/players/29167.png?version=20250805082651,RCD Espanyol
53111,Á. Valles,Portero,https://cdn-mister.mundodeportivo.com/file/cdn-common/players/53111.png?version=20251003194305,Real Betis Balompié
55453,Ø. Nyland,Portero,https://cdn-mister.mundodeportivo.com/file/cdn-common/players/55453.png?version=20251006014344,Sevilla FC
28621,A. Abqar,Defensa,https://cdn-mister.mundodeportivo.com/file/cdn-common/players/28621.png?version=20251003195813,Getafe CF
29205,A. Balde,Defensa,https://cdn-mister.mundodeportivo.com/file/cdn-common/players/29205.png?version=20260217184052,FC Barcelona
56952,A. Boiro,Defensa,https://cdn-mister.mundodeportivo.com/file/cdn-common/players/56952.png?version=20251003184923,Athletic Club
58986,A. Bretones,Defensa,https://cdn-mister.mundodeportivo.com/file/cdn-common/players/58986.png?version=20251006024745,CA Osasuna
65179,A. Castrín,Defensa,https://cdn-mister.mundodeportivo.com/file/cdn-common/players/65179.png?version=20250817184950,Sevilla FC
15756,A. Catena,Defensa,https://cdn-mister.mundodeportivo.com/file/cdn-common/players/15756.png?version=20231217204253,CA Osasuna
48556,A. Christensen,Defensa,https://cdn-mister.mundodeportivo.com/file/cdn-common/players/48556.png?version=20260217183949,FC Barcelona
354,A. Elustondo,Defensa,https://cdn-mister.mundodeportivo.com/file/cdn-common/players/354.png?version=20251004233445,Real Sociedad
59263,A. Francés,Defensa,https://cdn-mister.mundodeportivo.com/file/cdn-common/players/59263.png?version=20240726200409,Girona FC
68640,A. Freeman,Defensa,https://cdn-mister.mundodeportivo.com/file/cdn-common/players/68640.png?version=20260323141045,Villarreal CF
11092,A. Gorosabel,Defensa,https://cdn-mister.mundodeportivo.com/file/cdn-common/players/11092.png?version=20251003185251,Athletic Club
10,A. Laporte,Defensa,https://cdn-mister.mundodeportivo.com/file/cdn-common/players/10.png?version=20250912080149,Athletic Club
48205,A. Martínez,Defensa,https://cdn-mister.mundodeportivo.com/file/cdn-common/players/48205.png?version=20231220225819,Girona FC
64198,A. Matturro,Defensa,https://cdn-mister.mundodeportivo.com/file/cdn-common/players/64198.png?version=20250709144826,Levante UD
49342,A. Mumin,Defensa,https://cdn-mister.mundodeportivo.com/file/cdn-common/players/49342.png?version=20251004224204,Rayo Vallecano
15345,A. Muñoz,Defensa,https://cdn-mister.mundodeportivo.com/file/cdn-common/players/15345.png?version=20251004232955,Real Sociedad
14838,A. Nyom,Defensa,https://cdn-mister.mundodeportivo.com/file/cdn-common/players/14838.png?version=20241008115242,Getafe CF
28773,A. Paredes,Defensa,https://cdn-mister.mundodeportivo.com/file/cdn-common/players/28773.png?version=20251003185210,Athletic Club
465,A. Pedraza,Defensa,https://cdn-mister.mundodeportivo.com/file/cdn-common/players/465.png?version=20251006020644,Villarreal CF
14691,A. Pedrosa,Defensa,https://cdn-mister.mundodeportivo.com/file/cdn-common/players/14691.png?version=20251006022606,Elche CF
70258,A. Purić,Defensa,https://cdn-mister.mundodeportivo.com/file/cdn-common/players/70258.png?version=20260502184219,Atlético de Madrid
175,A. Raíllo,Defensa,https://cdn-mister.mundodeportivo.com/file/cdn-common/players/175.png?version=20251006031108,RCD Mallorca
25621,A. Rațiu,Defensa,https://cdn-mister.mundodeportivo.com/file/cdn-common/players/25621.png?version=20260123195308,Rayo Vallecano
17450,A. Ruibal,Defensa,https://cdn-mister.mundodeportivo.com/file/cdn-common/players/17450.png?version=20251003194220,Real Betis Balompié
40147,A. Rüdiger,Defensa,https://cdn-mister.mundodeportivo.com/file/cdn-common/players/40147.png?version=20251003183330,Real Madrid
33053,A. de la Fuente,Defensa,https://cdn-mister.mundodeportivo.com/file/cdn-common/players/33053.png?version=20250613151439,Levante UD
68716,B. Sangaré,Defensa,https://cdn-mister.mundodeportivo.com/file/cdn-common/players/68716.png?version=20260323141411,Elche CF
54818,C. Azpilicueta,Defensa,https://cdn-mister.mundodeportivo.com/file/cdn-common/players/54818.png?version=20251006013302,Sevilla FC
69917,C. Ballestero,Defensa,https://cdn-mister.mundodeportivo.com/file/cdn-common/players/69917.png?version=20260317092331,Deportivo Alavés
25885,C. Dominguez,Defensa,https://cdn-mister.mundodeportivo.com/file/cdn-common/players/25885.png?version=20251003194851,RC Celta de Vigo
5608,C. Lenglet,Defensa,https://cdn-mister.mundodeportivo.com/file/cdn-common/players/5608.png?version=20251003193703,Atlético de Madrid
65476,C. Riedel,Defensa,https://cdn-mister.mundodeportivo.com/file/cdn-common/players/65476.png?version=20250826090602,RCD Espanyol
55743,C. Romero,Defensa,https://cdn-mister.mundodeportivo.com/file/cdn-common/players/55743.png?version=20231222225348,RCD Espanyol
55088,C. Starfelt,Defensa,https://cdn-mister.mundodeportivo.com/file/cdn-common/players/55088.png?version=20251003194833,RC Celta de Vigo
55738,C. Tárrega,Defensa,https://cdn-mister.mundodeportivo.com/file/cdn-common/players/55738.png?version=20251006014813,Valencia CF
63865,D. Affengruber,Defensa,https://cdn-mister.mundodeportivo.com/file/cdn-common/players/63865.png?version=20250617095438,Elche CF
69903,D. Aguado,Defensa,https://cdn-mister.mundodeportivo.com/file/cdn-common/players/69903.png?version=20260315084918,Real Madrid
27298,D. Alaba,Defensa,https://cdn-mister.mundodeportivo.com/file/cdn-common/players/27298.png?version=20251003183618,Real Madrid
54834,D. Blind,Defensa,https://cdn-mister.mundodeportivo.com/file/cdn-common/players/54834.png?version=20251006030255,Girona FC
22874,D. Calvo,Defensa,https://cdn-mister.mundodeportivo.com/file/cdn-common/players/22874.png?version=20250622160600,Real Oviedo
65623,D. Carmo,Defensa,https://cdn-mister.mundodeportivo.com/file/cdn-common/players/65623.png?version=20250829130252,Real Oviedo
328,D. Carvajal,Defensa,https://cdn-mister.mundodeportivo.com/file/cdn-common/players/328.png?version=20251003183531,Real Madrid
114,D. Costas,Defensa,https://cdn-mister.mundodeportivo.com/file/cdn-common/players/114.png?version=20250622160631,Real Oviedo
8171,D. Djené,Defensa,https://cdn-mister.mundodeportivo.com/file/cdn-common/players/8171.png?version=20251003195924,Getafe CF
18555,D. Duarte,Defensa,https://cdn-mister.mundodeportivo.com/file/cdn-common/players/18555.png?version=20251003200050,Getafe CF
217,D. Foulquier,Defensa,https://cdn-mister.mundodeportivo.com/file/cdn-common/players/217.png?version=20251006015048,Valencia CF
64459,D. Hancko,Defensa,https://cdn-mister.mundodeportivo.com/file/cdn-common/players/64459.png?version=20250724080120,Atlético de Madrid
63788,D. Huijsen,Defensa,https://cdn-mister.mundodeportivo.com/file/cdn-common/players/63788.png?version=20251003183640,Real Madrid
68362,D. Jiménez,Defensa,https://cdn-mister.mundodeportivo.com/file/cdn-common/players/68362.png?version=20251223094004,Real Madrid
306,D. Llorente,Defensa,https://cdn-mister.mundodeportivo.com/file/cdn-common/players/306.png?version=20240709193836,Real Betis Balompié
61043,D. López,Defensa,https://cdn-mister.mundodeportivo.com/file/cdn-common/players/61043.png?version=20250130124008,RCD Mallorca
3720,D. López,Defensa,https://cdn-mister.mundodeportivo.com/file/cdn-common/players/3720.png?version=20251006030541,Girona FC
70181,D. Martínez,Defensa,https://cdn-mister.mundodeportivo.com/file/cdn-common/players/70181.png?version=20260410132741,Atlético de Madrid
63782,D. Pampín,Defensa,https://cdn-mister.mundodeportivo.com/file/cdn-common/players/63782.png?version=20250613112512,Levante UD
3117,D. Rico,Defensa,https://cdn-mister.mundodeportivo.com/file/cdn-common/players/3117.png?version=20251003200031,Getafe CF
27852,D. Vivian,Defensa,https://cdn-mister.mundodeportivo.com/file/cdn-common/players/27852.png?version=20250204170236,Athletic Club
64546,D. Ćaleta-Car,Defensa,https://cdn-mister.mundodeportivo.com/file/cdn-common/players/64546.png?version=20250802084840,Real Sociedad
64151,Davinchi,Defensa,https://cdn-mister.mundodeportivo.com/file/cdn-common/players/64151.png?version=20250703132321,Getafe CF
455,E. Bailly,Defensa,https://cdn-mister.mundodeportivo.com/file/cdn-common/players/455.png?version=20251006025527,Real Oviedo
36263,E. Cömert,Defensa,https://cdn-mister.mundodeportivo.com/file/cdn-common/players/36263.png?version=20260223192411,Valencia CF
27333,E. García,Defensa,https://cdn-mister.mundodeportivo.com/file/cdn-common/players/27333.png?version=20260217184328,FC Barcelona
58438,F. Boyomo,Defensa,https://cdn-mister.mundodeportivo.com/file/cdn-common/players/58438.png?version=20240616125139,CA Osasuna
13011,F. Calero,Defensa,https://cdn-mister.mundodeportivo.com/file/cdn-common/players/13011.png?version=20240626191613,RCD Espanyol
65724,F. Cardoso,Defensa,https://cdn-mister.mundodeportivo.com/file/cdn-common/players/65724.png?version=20250902075400,Sevilla FC
60859,F. Garcés,Defensa,https://cdn-mister.mundodeportivo.com/file/cdn-common/players/60859.png?version=20250107092359,Deportivo Alavés
27520,F. García,Defensa,https://cdn-mister.mundodeportivo.com/file/cdn-common/players/27520.png?version=20251003183837,Real Madrid
54833,F. Gattoni,Defensa,https://cdn-mister.mundodeportivo.com/file/cdn-common/players/54833.png?version=20260102112242,Sevilla FC
1713,F. Lejeune,Defensa,https://cdn-mister.mundodeportivo.com/file/cdn-common/players/1713.png?version=20251004225338,Rayo Vallecano
17623,F. Mendy,Defensa,https://cdn-mister.mundodeportivo.com/file/cdn-common/players/17623.png?version=20251003183856,Real Madrid
59533,G. Martín,Defensa,https://cdn-mister.mundodeportivo.com/file/cdn-common/players/59533.png?version=20251003184533,FC Barcelona
64382,G. Suazo,Defensa,https://cdn-mister.mundodeportivo.com/file/cdn-common/players/64382.png?version=20250712172807,Sevilla FC
31496,H. Bellerín,Defensa,https://cdn-mister.mundodeportivo.com/file/cdn-common/players/31496.png?version=20251003194443,Real Betis Balompié
56971,H. Fort,Defensa,https://cdn-mister.mundodeportivo.com/file/cdn-common/players/56971.png?version=20251006023111,Elche CF
64031,H. Rincón,Defensa,https://cdn-mister.mundodeportivo.com/file/cdn-common/players/64031.png?version=20250623150347,Girona FC
28619,I. Balliu,Defensa,https://cdn-mister.mundodeportivo.com/file/cdn-common/players/28619.png?version=20251004225519,Rayo Vallecano
60926,I. Bekhoucha,Defensa,https://cdn-mister.mundodeportivo.com/file/cdn-common/players/60926.png?version=20250119182256,Getafe CF
70499,I. Rupérez,Defensa,https://cdn-mister.mundodeportivo.com/file/cdn-common/players/70499.png?version=20260525073940,Real Sociedad
5917,I. Zubeldia,Defensa,https://cdn-mister.mundodeportivo.com/file/cdn-common/players/5917.png?version=20251004233803,Real Sociedad
18465,J. Aidoo,Defensa,https://cdn-mister.mundodeportivo.com/file/cdn-common/players/18465.png?version=20251003195155,RC Celta de Vigo
56925,J. Aramburu,Defensa,https://cdn-mister.mundodeportivo.com/file/cdn-common/players/56925.png?version=20251004233907,Real Sociedad
27865,J. Areso,Defensa,https://cdn-mister.mundodeportivo.com/file/cdn-common/players/27865.png?version=20231222184016,Athletic Club
70180,J. Boñar,Defensa,https://cdn-mister.mundodeportivo.com/file/cdn-common/players/70180.png?version=20260410132052,Atlético de Madrid
63784,J. Cabello,Defensa,https://cdn-mister.mundodeportivo.com/file/cdn-common/players/63784.png?version=20250613112544,Levante UD
431,J. Cancelo,Defensa,https://cdn-mister.mundodeportivo.com/file/cdn-common/players/431.png?version=20260113140939,FC Barcelona
48486,J. Copete,Defensa,https://cdn-mister.mundodeportivo.com/file/cdn-common/players/48486.png?version=20251006015726,Valencia CF
22877,J. Cruz,Defensa,https://cdn-mister.mundodeportivo.com/file/cdn-common/players/22877.png?version=20231222184236,CA Osasuna
24860,J. Donald,Defensa,https://cdn-mister.mundodeportivo.com/file/cdn-common/players/24860.png?version=20250617223548,Elche CF
69744,J. Díaz,Defensa,https://cdn-mister.mundodeportivo.com/file/cdn-common/players/69744.png?version=20260227153903,Atlético de Madrid
11761,J. Firpo,Defensa,https://cdn-mister.mundodeportivo.com/file/cdn-common/players/11761.png?version=20250717131011,Real Betis Balompié
23369,J. Foyth,Defensa,https://cdn-mister.mundodeportivo.com/file/cdn-common/players/23369.png?version=20231222225448,Villarreal CF
15693,J. Galán,Defensa,https://cdn-mister.mundodeportivo.com/file/cdn-common/players/15693.png?version=20251003193832,CA Osasuna
34,J. Giménez,Defensa,https://cdn-mister.mundodeportivo.com/file/cdn-common/players/34.png?version=20251003193851,Atlético de Madrid
52377,J. Herrando,Defensa,https://cdn-mister.mundodeportivo.com/file/cdn-common/players/52377.png?version=20240305112855,CA Osasuna
24792,J. Iglesias,Defensa,https://cdn-mister.mundodeportivo.com/file/cdn-common/players/24792.png?version=20251003200157,Getafe CF
18186,J. Koundé,Defensa,https://cdn-mister.mundodeportivo.com/file/cdn-common/players/18186.png?version=20260217184253,FC Barcelona
432,J. Luis Gayà,Defensa,https://cdn-mister.mundodeportivo.com/file/cdn-common/players/432.png?version=20251006020035,Valencia CF
22455,J. López,Defensa,https://cdn-mister.mundodeportivo.com/file/cdn-common/players/22455.png?version=20251006025852,Real Oviedo
59623,J. Martin,Defensa,https://cdn-mister.mundodeportivo.com/file/cdn-common/players/59623.png?version=20240826105318,Real Sociedad
308,J. Mojica,Defensa,https://cdn-mister.mundodeportivo.com/file/cdn-common/players/308.png?version=20251006030925,RCD Mallorca
68462,J. Montes,Defensa,https://cdn-mister.mundodeportivo.com/file/cdn-common/players/68462.png?version=20260111105005,Getafe CF
70397,J. Olaizola,Defensa,https://cdn-mister.mundodeportivo.com/file/cdn-common/players/70397.png?version=20260518194537,RCD Mallorca
118,J. Otto,Defensa,https://cdn-mister.mundodeportivo.com/file/cdn-common/players/118.png?version=20250702181230,Deportivo Alavés
22471,J. Pacheco,Defensa,https://cdn-mister.mundodeportivo.com/file/cdn-common/players/22471.png?version=20250204161316,Deportivo Alavés
59506,J. Rodríguez,Defensa,https://cdn-mister.mundodeportivo.com/file/cdn-common/players/59506.png?version=20251003195248,RC Celta de Vigo
64160,J. Rueda,Defensa,https://cdn-mister.mundodeportivo.com/file/cdn-common/players/64160.png?version=20250704150336,RC Celta de Vigo
64038,J. Salinas,Defensa,https://cdn-mister.mundodeportivo.com/file/cdn-common/players/64038.png?version=20250625134658,RCD Espanyol
28778,J. Sánchez,Defensa,https://cdn-mister.mundodeportivo.com/file/cdn-common/players/28778.png?version=20251006013732,Sevilla FC
64200,J. Toljan,Defensa,https://cdn-mister.mundodeportivo.com/file/cdn-common/players/64200.png?version=20250709145410,Levante UD
65168,J. Torrents,Defensa,https://cdn-mister.mundodeportivo.com/file/cdn-common/players/65168.png?version=20250817104814,FC Barcelona
65104,J. Vertrouwd,Defensa,https://cdn-mister.mundodeportivo.com/file/cdn-common/players/65104.png?version=20250812101021,Rayo Vallecano
28791,J. Vázquez,Defensa,https://cdn-mister.mundodeportivo.com/file/cdn-common/players/28791.png?version=20251006015643,Valencia CF
28784,J. Ángel Carmona,Defensa,https://cdn-mister.mundodeportivo.com/file/cdn-common/players/28784.png?version=20251228214145,Sevilla FC
48960,K. Femenía,Defensa,https://cdn-mister.mundodeportivo.com/file/cdn-common/players/48960.png?version=20251003200010,Getafe CF
49424,K. Salas,Defensa,https://cdn-mister.mundodeportivo.com/file/cdn-common/players/49424.png?version=20251006013823,Sevilla FC
63930,L. Ahijado,Defensa,https://cdn-mister.mundodeportivo.com/file/cdn-common/players/63930.png?version=20250622095024,Real Oviedo
61297,L. Beitia,Defensa,https://cdn-mister.mundodeportivo.com/file/cdn-common/players/61297.png?version=20250225085005,Real Sociedad
11472,L. Cabrera,Defensa,https://cdn-mister.mundodeportivo.com/file/cdn-common/players/11472.png?version=20240626191555,RCD Espanyol
59593,L. Costa,Defensa,https://cdn-mister.mundodeportivo.com/file/cdn-common/players/59593.png?version=20240822222712,Villarreal CF
48554,L. Felipe,Defensa,https://cdn-mister.mundodeportivo.com/file/cdn-common/players/48554.png?version=20250707130239,Rayo Vallecano
68447,L. Laso,Defensa,https://cdn-mister.mundodeportivo.com/file/cdn-common/players/68447.png?version=20260109140126,Getafe CF
70314,L. Orejuela,Defensa,https://cdn-mister.mundodeportivo.com/file/cdn-common/players/70314.png?version=20260514002535,RCD Mallorca
64373,L. Pétrot,Defensa,https://cdn-mister.mundodeportivo.com/file/cdn-common/players/64373.png?version=20250711160040,Elche CF
49382,M. Alonso,Defensa,https://cdn-mister.mundodeportivo.com/file/cdn-common/players/49382.png?version=20231218004050,RC Celta de Vigo
63,M. Bartra,Defensa,https://cdn-mister.mundodeportivo.com/file/cdn-common/players/63.png?version=20250205144032,Real Betis Balompié
70301,M. Calatayud,Defensa,https://cdn-mister.mundodeportivo.com/file/cdn-common/players/70301.png?version=20260512143318,RCD Mallorca
13420,M. Diakhaby,Defensa,https://cdn-mister.mundodeportivo.com/file/cdn-common/players/13420.png?version=20251006020255,Valencia CF
65403,M. Fernández,Defensa,https://cdn-mister.mundodeportivo.com/file/cdn-common/players/65403.png?version=20250823224007,RC Celta de Vigo
59532,M. Kumbulla,Defensa,https://cdn-mister.mundodeportivo.com/file/cdn-common/players/59532.png?version=20240817221457,RCD Mallorca
561,M. Llorente,Defensa,https://cdn-mister.mundodeportivo.com/file/cdn-common/players/561.png?version=20260304114121,Atlético de Madrid
64372,M. Moreno,Defensa,https://cdn-mister.mundodeportivo.com/file/cdn-common/players/64372.png?version=20250711133043,Levante UD
58987,M. Morey,Defensa,https://cdn-mister.mundodeportivo.com/file/cdn-common/players/58987.png?version=20251006031802,RCD Mallorca
35434,M. Pubill,Defensa,https://cdn-mister.mundodeportivo.com/file/cdn-common/players/35434.png?version=20250722235600,Atlético de Madrid
55663,M. Ristić,Defensa,https://cdn-mister.mundodeportivo.com/file/cdn-common/players/55663.png?version=20251003195308,RC Celta de Vigo
11877,M. Rubio,Defensa,https://cdn-mister.mundodeportivo.com/file/cdn-common/players/11877.png?version=20250611143806,RCD Espanyol
64121,M. Ruggeri,Defensa,https://cdn-mister.mundodeportivo.com/file/cdn-common/players/64121.png?version=20250702092107,Atlético de Madrid
70497,M. Serrano,Defensa,https://cdn-mister.mundodeportivo.com/file/cdn-common/players/70497.png?version=20260525073642,Real Madrid
20131,M. Sánchez,Defensa,https://cdn-mister.mundodeportivo.com/file/cdn-common/players/20131.png?version=20251004223947,Levante UD
17979,M. Valjent,Defensa,https://cdn-mister.mundodeportivo.com/file/cdn-common/players/17979.png?version=20251006031709,RCD Mallorca
48620,Marcão,Defensa,https://cdn-mister.mundodeportivo.com/file/cdn-common/players/48620.png?version=20251006014137,Sevilla FC
59372,N. Mendy,Defensa,https://cdn-mister.mundodeportivo.com/file/cdn-common/players/59372.png?version=20240802120621,Rayo Vallecano
48950,N. Molina,Defensa,https://cdn-mister.mundodeportivo.com/file/cdn-common/players/48950.png?version=20251003194040,Atlético de Madrid
69281,N. Pérez,Defensa,https://cdn-mister.mundodeportivo.com/file/cdn-common/players/69281.png?version=20260323141534,Levante UD
59499,N. Souza,Defensa,https://cdn-mister.mundodeportivo.com/file/cdn-common/players/59499.png?version=20240815182347,Real Betis Balompié
36048,N. Tenaglia,Defensa,https://cdn-mister.mundodeportivo.com/file/cdn-common/players/36048.png?version=20251006024418,Deportivo Alavés
10214,N. Vidal,Defensa,https://cdn-mister.mundodeportivo.com/file/cdn-common/players/10214.png?version=20250622160822,Real Oviedo
29163,O. El Hilali,Defensa,https://cdn-mister.mundodeportivo.com/file/cdn-common/players/29163.png?version=20240626191545,RCD Espanyol
68248,Oso,Defensa,https://cdn-mister.mundodeportivo.com/file/cdn-common/players/68248.png?version=20251208182035,Sevilla FC
239,P. Bigas,Defensa,https://cdn-mister.mundodeportivo.com/file/cdn-common/players/239.png?version=20250617224701,Elche CF
49329,P. Chavarría,Defensa,https://cdn-mister.mundodeportivo.com/file/cdn-common/players/49329.png?version=20251004230038,Rayo Vallecano
56926,P. Cubarsi,Defensa,https://cdn-mister.mundodeportivo.com/file/cdn-common/players/56926.png?version=20251007153408,FC Barcelona
22620,P. Espino,Defensa,https://cdn-mister.mundodeportivo.com/file/cdn-common/players/22620.png?version=20251004225748,Rayo Vallecano
8953,P. Maffeo,Defensa,https://cdn-mister.mundodeportivo.com/file/cdn-common/players/8953.png?version=20251006031549,RCD Mallorca
60210,P. Navarro,Defensa,https://cdn-mister.mundodeportivo.com/file/cdn-common/players/60210.png?version=20240929093251,Villarreal CF
63928,R. Alhassane,Defensa,https://cdn-mister.mundodeportivo.com/file/cdn-common/players/63928.png?version=20260204135035,Real Oviedo
19977,R. Araújo,Defensa,https://cdn-mister.mundodeportivo.com/file/cdn-common/players/19977.png?version=20251003184821,FC Barcelona
60290,R. Asencio,Defensa,https://cdn-mister.mundodeportivo.com/file/cdn-common/players/60290.png?version=20251003184102,Real Madrid
29243,R. Iranzo,Defensa,https://cdn-mister.mundodeportivo.com/file/cdn-common/players/29243.png?version=20260120091932,Valencia CF
15338,R. Le Normand,Defensa,https://cdn-mister.mundodeportivo.com/file/cdn-common/players/15338.png?version=20251228214158,Atlético de Madrid
54960,R. Marín,Defensa,https://cdn-mister.mundodeportivo.com/file/cdn-common/players/54960.png?version=20250703122507,Villarreal CF
59394,R. Rodríguez,Defensa,https://cdn-mister.mundodeportivo.com/file/cdn-common/players/59394.png?version=20240805220410,Real Betis Balompié
69626,R. Saravia,Defensa,https://cdn-mister.mundodeportivo.com/file/cdn-common/players/69626.png?version=20260323141552,Valencia CF
33717,R. Sánchez,Defensa,https://cdn-mister.mundodeportivo.com/file/cdn-common/players/33717.png?version=20251004223322,RCD Espanyol
65347,R. Veiga,Defensa,https://cdn-mister.mundodeportivo.com/file/cdn-common/players/65347.png?version=20250822133320,Villarreal CF
68497,S. Boselli,Defensa,https://cdn-mister.mundodeportivo.com/file/cdn-common/players/68497.png?version=20260117124336,Getafe CF
53107,S. Cardona,Defensa,https://cdn-mister.mundodeportivo.com/file/cdn-common/players/53107.png?version=20251006021432,Villarreal CF
23664,S. Carreira,Defensa,https://cdn-mister.mundodeportivo.com/file/cdn-common/players/23664.png?version=20251003195345,RC Celta de Vigo
22956,S. Gómez,Defensa,https://cdn-mister.mundodeportivo.com/file/cdn-common/players/22956.png?version=20251004234305,Real Sociedad
54832,S. Mouriño,Defensa,https://cdn-mister.mundodeportivo.com/file/cdn-common/players/54832.png?version=20251006021354,Villarreal CF
63406,T. Alexander-Arnold,Defensa,https://cdn-mister.mundodeportivo.com/file/cdn-common/players/63406.png?version=20251003184213,Real Madrid
19747,T. Correia,Defensa,https://cdn-mister.mundodeportivo.com/file/cdn-common/players/19747.png?version=20231222224426,Valencia CF
5653,T. Lato,Defensa,https://cdn-mister.mundodeportivo.com/file/cdn-common/players/5653.png?version=20251006031911,RCD Mallorca
49092,T. Nianzou,Defensa,https://cdn-mister.mundodeportivo.com/file/cdn-common/players/49092.png?version=20251006014508,Sevilla FC
64199,U. Egiluz,Defensa,https://cdn-mister.mundodeportivo.com/file/cdn-common/players/64199.png?version=20250709145149,Athletic Club
6067,U. Elgezabal,Defensa,https://cdn-mister.mundodeportivo.com/file/cdn-common/players/6067.png?version=20250613152537,Levante UD
7784,U. Núñez,Defensa,https://cdn-mister.mundodeportivo.com/file/cdn-common/players/7784.png?version=20260124075202,Valencia CF
25630,V. Chust,Defensa,https://cdn-mister.mundodeportivo.com/file/cdn-common/players/25630.png?version=20250808081013,Elche CF
64491,V. Gómez,Defensa,https://cdn-mister.mundodeportivo.com/file/cdn-common/players/64491.png?version=20250727111021,Real Betis Balompié
68652,V. Koski,Defensa,https://cdn-mister.mundodeportivo.com/file/cdn-common/players/68652.png?version=20260323141101,Deportivo Alavés
56970,V. Parada,Defensa,https://cdn-mister.mundodeportivo.com/file/cdn-common/players/56970.png?version=20250623150337,Deportivo Alavés
65084,V. Reis,Defensa,https://cdn-mister.mundodeportivo.com/file/cdn-common/players/65084.png?version=20250808165327,Girona FC
58980,V. Rosier,Defensa,https://cdn-mister.mundodeportivo.com/file/cdn-common/players/58980.png?version=20251006025403,CA Osasuna
68284,V. Valdepeñas,Defensa,https://cdn-mister.mundodeportivo.com/file/cdn-common/players/68284.png?version=20251214200728,Real Madrid
59088,W. Kambwala,Defensa,https://cdn-mister.mundodeportivo.com/file/cdn-common/players/59088.png?version=20251006021523,Villarreal CF
69889,X. Espart,Defensa,https://cdn-mister.mundodeportivo.com/file/cdn-common/players/69889.png?version=20260312142636,FC Barcelona
361,Y. Berchiche,Defensa,https://cdn-mister.mundodeportivo.com/file/cdn-common/players/361.png?version=20251003193357,Athletic Club
64411,Y. Enríquez,Defensa,https://cdn-mister.mundodeportivo.com/file/cdn-common/players/64411.png?version=20250717112423,Deportivo Alavés
60919,Y. Lago,Defensa,https://cdn-mister.mundodeportivo.com/file/cdn-common/players/60919.png?version=20250119134951,RC Celta de Vigo
4753,Y. Álvarez,Defensa,https://cdn-mister.mundodeportivo.com/file/cdn-common/players/4753.png?version=20231218001027,Athletic Club
68498,Z. Romero,Defensa,https://cdn-mister.mundodeportivo.com/file/cdn-common/players/68498.png?version=20260117124556,Getafe CF
55666,Á. Carreras,Defensa,https://cdn-mister.mundodeportivo.com/file/cdn-common/players/55666.png?version=20250714194635,Real Madrid
70312,Á. Cortés,Defensa,https://cdn-mister.mundodeportivo.com/file/cdn-common/players/70312.png?version=20260513202422,FC Barcelona
313,Á. Moreno,Defensa,https://cdn-mister.mundodeportivo.com/file/cdn-common/players/313.png?version=20250822225952,Girona FC
63866,Á. Núñez,Defensa,https://cdn-mister.mundodeportivo.com/file/cdn-common/players/63866.png?version=20250617095406,RC Celta de Vigo
5691,Á. Odriozola,Defensa,https://cdn-mister.mundodeportivo.com/file/cdn-common/players/5691.png?version=20251004233059,Real Sociedad
61009,Á. Ortiz,Defensa,https://cdn-mister.mundodeportivo.com/file/cdn-common/players/61009.png?version=20251003194240,Real Betis Balompié
17452,É. Militão,Defensa,https://cdn-mister.mundodeportivo.com/file/cdn-common/players/17452.png?version=20251003183705,Real Madrid
67942,Í. Arguibide,Defensa,https://cdn-mister.mundodeportivo.com/file/cdn-common/players/67942.png?version=20251123102325,CA Osasuna
536,Í. Lekue,Defensa,https://cdn-mister.mundodeportivo.com/file/cdn-common/players/536.png?version=20251003185412,Athletic Club
24739,Ó. Mingueza,Defensa,https://cdn-mister.mundodeportivo.com/file/cdn-common/players/24739.png?version=20251003195326,RC Celta de Vigo
49275,A. Almeida,Mediocentro,https://cdn-mister.mundodeportivo.com/file/cdn-common/players/49275.png?version=20251006014715,Valencia CF
70189,A. Antañón,Mediocentro,https://cdn-mister.mundodeportivo.com/file/cdn-common/players/70189.png?version=20260412184532,RC Celta de Vigo
22502,A. Baena,Mediocentro,https://cdn-mister.mundodeportivo.com/file/cdn-common/players/22502.png?version=20251228214026,Atlético de Madrid
15342,A. Barrenetxea,Mediocentro,https://cdn-mister.mundodeportivo.com/file/cdn-common/players/15342.png?version=20251004233329,Real Sociedad
25867,A. Blanco,Mediocentro,https://cdn-mister.mundodeportivo.com/file/cdn-common/players/25867.png?version=20251006023841,Deportivo Alavés
56642,A. Dadie,Mediocentro,https://cdn-mister.mundodeportivo.com/file/cdn-common/players/56642.png?version=20250623150430,Real Sociedad
70496,A. Diatta,Mediocentro,https://cdn-mister.mundodeportivo.com/file/cdn-common/players/70496.png?version=20260525065559,Villarreal CF
18531,A. Febas,Mediocentro,https://cdn-mister.mundodeportivo.com/file/cdn-common/players/18531.png?version=20250617223016,Elche CF
16868,A. Guevara,Mediocentro,https://cdn-mister.mundodeportivo.com/file/cdn-common/players/16868.png?version=20251006023721,Deportivo Alavés
54817,A. Güler,Mediocentro,https://cdn-mister.mundodeportivo.com/file/cdn-common/players/54817.png?version=20251228214306,Real Madrid
7845,A. Januzaj,Mediocentro,https://cdn-mister.mundodeportivo.com/file/cdn-common/players/7845.png?version=20251006013042,Sevilla FC
64123,A. Liso,Mediocentro,https://cdn-mister.mundodeportivo.com/file/cdn-common/players/64123.png?version=20250702133124,Getafe CF
68401,A. Mestanza,Mediocentro,https://cdn-mister.mundodeportivo.com/file/cdn-common/players/68401.png?version=20260105035206,Getafe CF
53098,A. Moleiro,Mediocentro,https://cdn-mister.mundodeportivo.com/file/cdn-common/players/53098.png?version=20251006020600,Villarreal CF
22527,A. Oroz,Mediocentro,https://cdn-mister.mundodeportivo.com/file/cdn-common/players/22527.png?version=20231217203727,CA Osasuna
65475,A. Osambela,Mediocentro,https://cdn-mister.mundodeportivo.com/file/cdn-common/players/65475.png?version=20250826151727,CA Osasuna
65670,A. Ounahi,Mediocentro,https://cdn-mister.mundodeportivo.com/file/cdn-common/players/65670.png?version=20250831090531,Girona FC
53143,A. Rebbach,Mediocentro,https://cdn-mister.mundodeportivo.com/file/cdn-common/players/53143.png?version=20251006023558,Deportivo Alavés
65187,A. Rego,Mediocentro,https://cdn-mister.mundodeportivo.com/file/cdn-common/players/65187.png?version=20250818102705,Athletic Club
64173,A. Reina,Mediocentro,https://cdn-mister.mundodeportivo.com/file/cdn-common/players/64173.png?version=20250707082804,Real Oviedo
29162,A. Roca,Mediocentro,https://cdn-mister.mundodeportivo.com/file/cdn-common/players/29162.png?version=20251003195455,RCD Espanyol
27428,A. Sánchez,Mediocentro,https://cdn-mister.mundodeportivo.com/file/cdn-common/players/27428.png?version=20251006031146,RCD Mallorca
40166,A. Tchouaméni,Mediocentro,https://cdn-mister.mundodeportivo.com/file/cdn-common/players/40166.png?version=20251003183451,Real Madrid
48575,A. Witsel,Mediocentro,https://cdn-mister.mundodeportivo.com/file/cdn-common/players/48575.png?version=20251006030331,Girona FC
55454,A. Zakharyan,Mediocentro,https://cdn-mister.mundodeportivo.com/file/cdn-common/players/55454.png?version=20251004233646,Real Sociedad
15344,B. Díaz,Mediocentro,https://cdn-mister.mundodeportivo.com/file/cdn-common/players/15344.png?version=20251003183511,Real Madrid
15554,B. Gil,Mediocentro,https://cdn-mister.mundodeportivo.com/file/cdn-common/players/15554.png?version=20240729170931,Girona FC
65705,B. Mendy,Mediocentro,https://cdn-mister.mundodeportivo.com/file/cdn-common/players/65705.png?version=20250901204713,Sevilla FC
11091,B. Méndez,Mediocentro,https://cdn-mister.mundodeportivo.com/file/cdn-common/players/11091.png?version=20251004233617,Real Sociedad
28677,B. Prados,Mediocentro,https://cdn-mister.mundodeportivo.com/file/cdn-common/players/28677.png?version=20231217221108,Athletic Club
65081,B. Santamaria,Mediocentro,https://cdn-mister.mundodeportivo.com/file/cdn-common/players/65081.png?version=20250808081340,Valencia CF
28776,B. Turrientes,Mediocentro,https://cdn-mister.mundodeportivo.com/file/cdn-common/players/28776.png?version=20251004233515,Real Sociedad
5920,C. Aleñá,Mediocentro,https://cdn-mister.mundodeportivo.com/file/cdn-common/players/5920.png?version=20251006024230,Deportivo Alavés
53144,C. Benavídez,Mediocentro,https://cdn-mister.mundodeportivo.com/file/cdn-common/players/53144.png?version=20251006024142,Deportivo Alavés
68508,C. Echeverri,Mediocentro,https://cdn-mister.mundodeportivo.com/file/cdn-common/players/68508.png?version=20260118171426,Girona FC
58467,C. Ejuke,Mediocentro,https://cdn-mister.mundodeportivo.com/file/cdn-common/players/58467.png?version=20251006013338,Sevilla FC
64448,C. Gonçalves,Mediocentro,https://cdn-mister.mundodeportivo.com/file/cdn-common/players/64448.png?version=20250722165353,Deportivo Alavés
68259,C. Macia,Mediocentro,https://cdn-mister.mundodeportivo.com/file/cdn-common/players/68259.png?version=20251209092856,Villarreal CF
58994,C. Martín,Mediocentro,https://cdn-mister.mundodeportivo.com/file/cdn-common/players/58994.png?version=20251003193638,Rayo Vallecano
69786,C. Palacios,Mediocentro,https://cdn-mister.mundodeportivo.com/file/cdn-common/players/69786.png?version=20260306223049,Real Madrid
65501,C. Pickel,Mediocentro,https://cdn-mister.mundodeportivo.com/file/cdn-common/players/65501.png?version=20250827171833,RCD Espanyol
6049,C. Portu,Mediocentro,https://cdn-mister.mundodeportivo.com/file/cdn-common/players/6049.png?version=20231218195724,Girona FC
4888,C. Soler,Mediocentro,https://cdn-mister.mundodeportivo.com/file/cdn-common/players/4888.png?version=20250901203628,Real Sociedad
28777,C. Álvarez,Mediocentro,https://cdn-mister.mundodeportivo.com/file/cdn-common/players/28777.png?version=20250613151732,Levante UD
96,D. Ceballos,Mediocentro,https://cdn-mister.mundodeportivo.com/file/cdn-common/players/96.png?version=20251003183552,Real Madrid
70313,D. Cáceres,Mediocentro,https://cdn-mister.mundodeportivo.com/file/cdn-common/players/70313.png?version=20260514000124,Getafe CF
28787,D. López,Mediocentro,https://cdn-mister.mundodeportivo.com/file/cdn-common/players/28787.png?version=20251006015004,Valencia CF
59415,D. Olmo,Mediocentro,https://cdn-mister.mundodeportivo.com/file/cdn-common/players/59415.png?version=20260217184404,FC Barcelona
444,D. Parejo,Mediocentro,https://cdn-mister.mundodeportivo.com/file/cdn-common/players/444.png?version=20251006020829,Villarreal CF
65614,D. Pérez,Mediocentro,https://cdn-mister.mundodeportivo.com/file/cdn-common/players/65614.png?version=20250828082405,Real Betis Balompié
55057,D. Sow,Mediocentro,https://cdn-mister.mundodeportivo.com/file/cdn-common/players/55057.png?version=20231221191615,Sevilla FC
392,D. Suárez,Mediocentro,https://cdn-mister.mundodeportivo.com/file/cdn-common/players/392.png?version=20251006024015,Deportivo Alavés
59049,D. van de Beek,Mediocentro,https://cdn-mister.mundodeportivo.com/file/cdn-common/players/59049.png?version=20240711213418,Girona FC
31484,E. Camavinga,Mediocentro,https://cdn-mister.mundodeportivo.com/file/cdn-common/players/31484.png?version=20251003184013,Real Madrid
6034,E. Expósito,Mediocentro,https://cdn-mister.mundodeportivo.com/file/cdn-common/players/6034.png?version=20240626191824,RCD Espanyol
69802,E. Garcia,Mediocentro,https://cdn-mister.mundodeportivo.com/file/cdn-common/players/69802.png?version=20260310093231,Athletic Club
12945,F. Beltrán,Mediocentro,https://cdn-mister.mundodeportivo.com/file/cdn-common/players/12945.png?version=20251003194934,Girona FC
28279,F. Cervi,Mediocentro,https://cdn-mister.mundodeportivo.com/file/cdn-common/players/28279.png?version=20251003194957,RC Celta de Vigo
17453,F. De Jong,Mediocentro,https://cdn-mister.mundodeportivo.com/file/cdn-common/players/17453.png?version=20251003184429,FC Barcelona
55009,F. López,Mediocentro,https://cdn-mister.mundodeportivo.com/file/cdn-common/players/55009.png?version=20260217184107,FC Barcelona
60748,F. López,Mediocentro,https://cdn-mister.mundodeportivo.com/file/cdn-common/players/60748.png?version=20260126185850,RC Celta de Vigo
64364,F. Mastantuono,Mediocentro,https://cdn-mister.mundodeportivo.com/file/cdn-common/players/64364.png?version=20251202165129,Real Madrid
49296,F. Pérez,Mediocentro,https://cdn-mister.mundodeportivo.com/file/cdn-common/players/49296.png?version=20251004225250,Rayo Vallecano
65136,F. Redondo,Mediocentro,https://cdn-mister.mundodeportivo.com/file/cdn-common/players/65136.png?version=20250814153342,Elche CF
65090,F. Ugrinic,Mediocentro,https://cdn-mister.mundodeportivo.com/file/cdn-common/players/65090.png?version=20250809103647,Valencia CF
7024,F. Valverde,Mediocentro,https://cdn-mister.mundodeportivo.com/file/cdn-common/players/7024.png?version=20251003183927,Real Madrid
65669,G. Diangana,Mediocentro,https://cdn-mister.mundodeportivo.com/file/cdn-common/players/65669.png?version=20250831090633,Elche CF
556,G. Gumbau,Mediocentro,https://cdn-mister.mundodeportivo.com/file/cdn-common/players/556.png?version=20251004225317,Rayo Vallecano
15109,G. Lo Celso,Mediocentro,https://cdn-mister.mundodeportivo.com/file/cdn-common/players/15109.png?version=20251003194404,Real Betis Balompié
20346,G. Rodríguez,Mediocentro,https://cdn-mister.mundodeportivo.com/file/cdn-common/players/20346.png?version=20260126185524,Valencia CF
29222,G. Simeone,Mediocentro,https://cdn-mister.mundodeportivo.com/file/cdn-common/players/29222.png?version=20251003193744,Atlético de Madrid
20141,G. Valera,Mediocentro,https://cdn-mister.mundodeportivo.com/file/cdn-common/players/20141.png?version=20251006022918,Elche CF
36046,G. Villar,Mediocentro,https://cdn-mister.mundodeportivo.com/file/cdn-common/players/36046.png?version=20260201092605,Elche CF
29235,Gavi,Mediocentro,https://cdn-mister.mundodeportivo.com/file/cdn-common/players/29235.png?version=20251003184453,FC Barcelona
68516,H. Burcio,Mediocentro,https://cdn-mister.mundodeportivo.com/file/cdn-common/players/68516.png?version=20260120091915,RC Celta de Vigo
68258,H. Solozábal,Mediocentro,https://cdn-mister.mundodeportivo.com/file/cdn-common/players/68258.png?version=20251209093305,Getafe CF
55045,H. Sotelo,Mediocentro,https://cdn-mister.mundodeportivo.com/file/cdn-common/players/55045.png?version=20250904172630,RC Celta de Vigo
33726,H. Álvarez,Mediocentro,https://cdn-mister.mundodeportivo.com/file/cdn-common/players/33726.png?version=20251003195021,RC Celta de Vigo
70149,I. Aguirre,Mediocentro,https://cdn-mister.mundodeportivo.com/file/cdn-common/players/70149.png?version=20260407094755,Real Sociedad
33896,I. Akhomach,Mediocentro,https://cdn-mister.mundodeportivo.com/file/cdn-common/players/33896.png?version=20260212075508,Rayo Vallecano
29168,I. Benito,Mediocentro,https://cdn-mister.mundodeportivo.com/file/cdn-common/players/29168.png?version=20250623150420,CA Osasuna
58996,I. Chaira,Mediocentro,https://cdn-mister.mundodeportivo.com/file/cdn-common/players/58996.png?version=20250622095241,Real Oviedo
70255,I. Luque,Mediocentro,https://cdn-mister.mundodeportivo.com/file/cdn-common/players/70255.png?version=20260502195407,Atlético de Madrid
27874,I. Martín,Mediocentro,https://cdn-mister.mundodeportivo.com/file/cdn-common/players/27874.png?version=20231218200018,Girona FC
25631,I. Moriba,Mediocentro,https://cdn-mister.mundodeportivo.com/file/cdn-common/players/25631.png?version=20251003195109,RC Celta de Vigo
52371,I. Muñoz,Mediocentro,https://cdn-mister.mundodeportivo.com/file/cdn-common/players/52371.png?version=20231222184757,CA Osasuna
27517,I. Palazón,Mediocentro,https://cdn-mister.mundodeportivo.com/file/cdn-common/players/27517.png?version=20251004225449,Rayo Vallecano
27425,I. Ruiz De Galarreta,Mediocentro,https://cdn-mister.mundodeportivo.com/file/cdn-common/players/27425.png?version=20251003185435,Athletic Club
340,Isco,Mediocentro,https://cdn-mister.mundodeportivo.com/file/cdn-common/players/340.png?version=20251003194510,Real Betis Balompié
52117,J. Ander Olasagasti,Mediocentro,https://cdn-mister.mundodeportivo.com/file/cdn-common/players/52117.png?version=20251004223453,Levante UD
53114,J. Bellingham,Mediocentro,https://cdn-mister.mundodeportivo.com/file/cdn-common/players/53114.png?version=20251228213943,Real Madrid
56578,J. Cardoso,Mediocentro,https://cdn-mister.mundodeportivo.com/file/cdn-common/players/56578.png?version=20250818184253,Atlético de Madrid
35922,J. Carreras,Mediocentro,https://cdn-mister.mundodeportivo.com/file/cdn-common/players/35922.png?version=20251003195556,RCD Espanyol
68842,J. Cestero,Mediocentro,https://cdn-mister.mundodeportivo.com/file/cdn-common/players/68842.png?version=20260323141504,Real Madrid
60861,J. El-Abdellaoui,Mediocentro,https://cdn-mister.mundodeportivo.com/file/cdn-common/players/60861.png?version=20250108113128,RC Celta de Vigo
22885,J. Ferrández,Mediocentro,https://cdn-mister.mundodeportivo.com/file/cdn-common/players/22885.png?version=20250617223649,Elche CF
64033,J. Gorrotxategi,Mediocentro,https://cdn-mister.mundodeportivo.com/file/cdn-common/players/64033.png?version=20250623150410,Real Sociedad
52372,J. Guerra,Mediocentro,https://cdn-mister.mundodeportivo.com/file/cdn-common/players/52372.png?version=20251006015600,Valencia CF
5916,J. Guridi,Mediocentro,https://cdn-mister.mundodeportivo.com/file/cdn-common/players/5916.png?version=20251006024331,Deportivo Alavés
185,J. Jordan,Mediocentro,https://cdn-mister.mundodeportivo.com/file/cdn-common/players/185.png?version=20251006013550,Sevilla FC
68492,J. Kalumba,Mediocentro,https://cdn-mister.mundodeportivo.com/file/cdn-common/players/68492.png?version=20260116132552,RCD Mallorca
19527,J. Moncayola,Mediocentro,https://cdn-mister.mundodeportivo.com/file/cdn-common/players/19527.png?version=20231222184833,CA Osasuna
70205,J. Monserrate,Mediocentro,https://cdn-mister.mundodeportivo.com/file/cdn-common/players/70205.png?version=20260414091927,Atlético de Madrid
70150,J. Morcillo,Mediocentro,https://cdn-mister.mundodeportivo.com/file/cdn-common/players/70150.png?version=20260407094702,Atlético de Madrid
17572,J. Muñoz,Mediocentro,https://cdn-mister.mundodeportivo.com/file/cdn-common/players/17572.png?version=20251003200111,Getafe CF
68835,J. Ochieng,Mediocentro,https://cdn-mister.mundodeportivo.com/file/cdn-common/players/68835.png?version=20260323141445,Real Sociedad
64032,J. Roca,Mediocentro,https://cdn-mister.mundodeportivo.com/file/cdn-common/players/64032.png?version=20250623150358,Girona FC
61247,J. Salas,Mediocentro,https://cdn-mister.mundodeportivo.com/file/cdn-common/players/61247.png?version=20260203091535,RCD Mallorca
65626,J. Virgili,Mediocentro,https://cdn-mister.mundodeportivo.com/file/cdn-common/players/65626.png?version=20250829164459,RCD Mallorca
17989,J. de Frutos,Mediocentro,https://cdn-mister.mundodeportivo.com/file/cdn-common/players/17989.png?version=20251004225553,Rayo Vallecano
64124,K. Arriaga,Mediocentro,https://cdn-mister.mundodeportivo.com/file/cdn-common/players/64124.png?version=20250702133724,Levante UD
17614,K. Barja,Mediocentro,https://cdn-mister.mundodeportivo.com/file/cdn-common/players/17614.png?version=20231222184953,CA Osasuna
63925,K. Sibo,Mediocentro,https://cdn-mister.mundodeportivo.com/file/cdn-common/players/63925.png?version=20250622095006,Real Oviedo
42,Koke,Mediocentro,https://cdn-mister.mundodeportivo.com/file/cdn-common/players/42.png?version=20251003193951,Atlético de Madrid
56628,L. Agoumé,Mediocentro,https://cdn-mister.mundodeportivo.com/file/cdn-common/players/56628.png?version=20251006013907,Sevilla FC
68360,L. Astiazaran,Mediocentro,https://cdn-mister.mundodeportivo.com/file/cdn-common/players/68360.png?version=20251223093317,Real Sociedad
65725,L. Beltrán,Mediocentro,https://cdn-mister.mundodeportivo.com/file/cdn-common/players/65725.png?version=20250902075553,Valencia CF
65293,L. Dendoncker,Mediocentro,https://cdn-mister.mundodeportivo.com/file/cdn-common/players/65293.png?version=20250819174131,Real Oviedo
64431,L. Ilic,Mediocentro,https://cdn-mister.mundodeportivo.com/file/cdn-common/players/64431.png?version=20250719084021,Real Oviedo
67833,L. Kourouma,Mediocentro,https://cdn-mister.mundodeportivo.com/file/cdn-common/players/67833.png?version=20250926100446,Girona FC
22612,L. Milla,Mediocentro,https://cdn-mister.mundodeportivo.com/file/cdn-common/players/22612.png?version=20251003200134,Getafe CF
40090,L. Ramazani,Mediocentro,https://cdn-mister.mundodeportivo.com/file/cdn-common/players/40090.png?version=20250828195750,Valencia CF
18109,L. Rioja,Mediocentro,https://cdn-mister.mundodeportivo.com/file/cdn-common/players/18109.png?version=20251006020204,Valencia CF
59371,L. Sučić,Mediocentro,https://cdn-mister.mundodeportivo.com/file/cdn-common/players/59371.png?version=20240802114718,Real Sociedad
22668,L. Torró,Mediocentro,https://cdn-mister.mundodeportivo.com/file/cdn-common/players/22668.png?version=20251006025249,CA Osasuna
63871,M. Aguado,Mediocentro,https://cdn-mister.mundodeportivo.com/file/cdn-common/players/63871.png?version=20250617095502,Elche CF
10024,M. Arambarri,Mediocentro,https://cdn-mister.mundodeportivo.com/file/cdn-common/players/10024.png?version=20251003200238,Getafe CF
59484,M. Bernal,Mediocentro,https://cdn-mister.mundodeportivo.com/file/cdn-common/players/59484.png?version=20260217184633,FC Barcelona
52404,M. Bueno,Mediocentro,https://cdn-mister.mundodeportivo.com/file/cdn-common/players/52404.png?version=20251006014022,Sevilla FC
58820,M. Casadó,Mediocentro,https://cdn-mister.mundodeportivo.com/file/cdn-common/players/58820.png?version=20260217184708,FC Barcelona
208,M. Gómez,Mediocentro,https://cdn-mister.mundodeportivo.com/file/cdn-common/players/208.png?version=20251006025203,CA Osasuna
56502,M. Jauregizar,Mediocentro,https://cdn-mister.mundodeportivo.com/file/cdn-common/players/56502.png?version=20251003193200,Athletic Club
58125,M. Martín,Mediocentro,https://cdn-mister.mundodeportivo.com/file/cdn-common/players/58125.png?version=20250114145209,Getafe CF
14839,M. Morlanes,Mediocentro,https://cdn-mister.mundodeportivo.com/file/cdn-common/players/14839.png?version=20251006031320,RCD Mallorca
64524,M. Neto,Mediocentro,https://cdn-mister.mundodeportivo.com/file/cdn-common/players/64524.png?version=20250731081235,Elche CF
3728,M. Roca,Mediocentro,https://cdn-mister.mundodeportivo.com/file/cdn-common/players/3728.png?version=20251003194543,Real Betis Balompié
65674,M. Román,Mediocentro,https://cdn-mister.mundodeportivo.com/file/cdn-common/players/65674.png?version=20250831165937,RC Celta de Vigo
68712,M. Vecino,Mediocentro,https://cdn-mister.mundodeportivo.com/file/cdn-common/players/68712.png?version=20260323141257,RC Celta de Vigo
3154,M. Vesga,Mediocentro,https://cdn-mister.mundodeportivo.com/file/cdn-common/players/3154.png?version=20160823144849,Athletic Club
69787,M. Ángel Morán,Mediocentro,https://cdn-mister.mundodeportivo.com/file/cdn-common/players/69787.png?version=20260307084351,Real Madrid
64562,N. Deossa,Mediocentro,https://cdn-mister.mundodeportivo.com/file/cdn-common/players/64562.png?version=20250804175940,Real Betis Balompié
68370,N. Fonseca,Mediocentro,https://cdn-mister.mundodeportivo.com/file/cdn-common/players/68370.png?version=20251227093841,Real Oviedo
65699,N. González,Mediocentro,https://cdn-mister.mundodeportivo.com/file/cdn-common/players/65699.png?version=20250901180701,Atlético de Madrid
19168,N. Gudelj,Mediocentro,https://cdn-mister.mundodeportivo.com/file/cdn-common/players/19168.png?version=20251006014244,Sevilla FC
28772,N. Serrano,Mediocentro,https://cdn-mister.mundodeportivo.com/file/cdn-common/players/28772.png?version=20240707094206,Athletic Club
65130,O. Ejaria,Mediocentro,https://cdn-mister.mundodeportivo.com/file/cdn-common/players/65130.png?version=20250814084126,Real Oviedo
31267,O. Mascarell,Mediocentro,https://cdn-mister.mundodeportivo.com/file/cdn-common/players/31267.png?version=20251006031631,RCD Mallorca
25579,O. Rey,Mediocentro,https://cdn-mister.mundodeportivo.com/file/cdn-common/players/25579.png?version=20250613152155,Levante UD
14789,O. Sancet,Mediocentro,https://cdn-mister.mundodeportivo.com/file/cdn-common/players/14789.png?version=20250818192509,Athletic Club
68711,O. Vargas,Mediocentro,https://cdn-mister.mundodeportivo.com/file/cdn-common/players/68711.png?version=20260323141231,Atlético de Madrid
67918,P. Agudín,Mediocentro,https://cdn-mister.mundodeportivo.com/file/cdn-common/players/67918.png?version=20251103224826,Real Oviedo
51135,P. Barrios,Mediocentro,https://cdn-mister.mundodeportivo.com/file/cdn-common/players/51135.png?version=20251003194102,Atlético de Madrid
60224,P. Cabanes,Mediocentro,https://cdn-mister.mundodeportivo.com/file/cdn-common/players/60224.png?version=20241001080032,Villarreal CF
29403,P. Ciss,Mediocentro,https://cdn-mister.mundodeportivo.com/file/cdn-common/players/29403.png?version=20251004225713,Rayo Vallecano
68446,P. Cortés,Mediocentro,https://cdn-mister.mundodeportivo.com/file/cdn-common/players/68446.png?version=20260109074559,Levante UD
59395,P. Díaz,Mediocentro,https://cdn-mister.mundodeportivo.com/file/cdn-common/players/59395.png?version=20251004225631,Rayo Vallecano
59042,P. Fernández,Mediocentro,https://cdn-mister.mundodeportivo.com/file/cdn-common/players/59042.png?version=20251006014424,Sevilla FC
557,P. Fornals,Mediocentro,https://cdn-mister.mundodeportivo.com/file/cdn-common/players/557.png?version=20260323155521,Real Betis Balompié
52162,P. Gueye,Mediocentro,https://cdn-mister.mundodeportivo.com/file/cdn-common/players/52162.png?version=20260312150047,Villarreal CF
29169,P. Ibáñez,Mediocentro,https://cdn-mister.mundodeportivo.com/file/cdn-common/players/29169.png?version=20231222190221,Deportivo Alavés
17568,P. Lozano,Mediocentro,https://cdn-mister.mundodeportivo.com/file/cdn-common/players/17568.png?version=20250218133011,RCD Espanyol
27861,P. Martínez,Mediocentro,https://cdn-mister.mundodeportivo.com/file/cdn-common/players/27861.png?version=20250613152336,Levante UD
51137,P. Marín,Mediocentro,https://cdn-mister.mundodeportivo.com/file/cdn-common/players/51137.png?version=20251004234154,Real Sociedad
48185,P. Torre,Mediocentro,https://cdn-mister.mundodeportivo.com/file/cdn-common/players/48185.png?version=20251006031508,RCD Mallorca
22547,Pedri,Mediocentro,https://cdn-mister.mundodeportivo.com/file/cdn-common/players/22547.png?version=20260217184011,FC Barcelona
22601,Pepelu,Mediocentro,https://cdn-mister.mundodeportivo.com/file/cdn-common/players/22601.png?version=20260413101012,Valencia CF
70183,R. Belaid,Mediocentro,https://cdn-mister.mundodeportivo.com/file/cdn-common/players/70183.png?version=20260411211253,Atlético de Madrid
27907,R. Brugué,Mediocentro,https://cdn-mister.mundodeportivo.com/file/cdn-common/players/27907.png?version=20250613152455,Levante UD
270,R. García,Mediocentro,https://cdn-mister.mundodeportivo.com/file/cdn-common/players/270.png?version=20251006025119,CA Osasuna
63868,R. Mendoza,Mediocentro,https://cdn-mister.mundodeportivo.com/file/cdn-common/players/63868.png?version=20250617095638,Atlético de Madrid
58436,R. Moro,Mediocentro,https://cdn-mister.mundodeportivo.com/file/cdn-common/players/58436.png?version=20260122191623,CA Osasuna
24778,R. Navarro,Mediocentro,https://cdn-mister.mundodeportivo.com/file/cdn-common/players/24778.png?version=20251003193526,Athletic Club
19727,R. Riquelme,Mediocentro,https://cdn-mister.mundodeportivo.com/file/cdn-common/players/19727.png?version=20251003194652,Real Betis Balompié
48203,R. Terrats,Mediocentro,https://cdn-mister.mundodeportivo.com/file/cdn-common/players/48203.png?version=20250204152625,RCD Espanyol
60872,R. Vargas,Mediocentro,https://cdn-mister.mundodeportivo.com/file/cdn-common/players/60872.png?version=20250110103914,Sevilla FC
54831,S. Altimira,Mediocentro,https://cdn-mister.mundodeportivo.com/file/cdn-common/players/54831.png?version=20251003194726,Real Betis Balompié
65723,S. Amrabat,Mediocentro,https://cdn-mister.mundodeportivo.com/file/cdn-common/players/65723.png?version=20250902075215,Real Betis Balompié
67580,S. Becerra,Mediocentro,https://cdn-mister.mundodeportivo.com/file/cdn-common/players/67580.png?version=20250919191526,Rayo Vallecano
14619,S. Cazorla,Mediocentro,https://cdn-mister.mundodeportivo.com/file/cdn-common/players/14619.png?version=20250622094809,Real Oviedo
64476,S. Colombatto,Mediocentro,https://cdn-mister.mundodeportivo.com/file/cdn-common/players/64476.png?version=20250725180456,Real Oviedo
12946,S. Comesaña,Mediocentro,https://cdn-mister.mundodeportivo.com/file/cdn-common/players/12946.png?version=20251006021320,Villarreal CF
40095,S. Costa,Mediocentro,https://cdn-mister.mundodeportivo.com/file/cdn-common/players/40095.png?version=20251006032017,RCD Mallorca
298,S. Darder,Mediocentro,https://cdn-mister.mundodeportivo.com/file/cdn-common/players/298.png?version=20251006031946,RCD Mallorca
67931,S. Sánchez,Mediocentro,https://cdn-mister.mundodeportivo.com/file/cdn-common/players/67931.png?version=20251109145151,Athletic Club
68519,T. Abed,Mediocentro,https://cdn-mister.mundodeportivo.com/file/cdn-common/players/68519.png?version=20260121133655,Levante UD
64401,T. Almada,Mediocentro,https://cdn-mister.mundodeportivo.com/file/cdn-common/players/64401.png?version=20250716094314,Atlético de Madrid
61092,T. Buchanan,Mediocentro,https://cdn-mister.mundodeportivo.com/file/cdn-common/players/61092.png?version=20250201122704,Villarreal CF
64468,T. Dolan,Mediocentro,https://cdn-mister.mundodeportivo.com/file/cdn-common/players/64468.png?version=20250725131445,RCD Espanyol
68383,T. Fernández,Mediocentro,https://cdn-mister.mundodeportivo.com/file/cdn-common/players/68383.png?version=20260102114636,Real Oviedo
19562,T. Kubo,Mediocentro,https://cdn-mister.mundodeportivo.com/file/cdn-common/players/19562.png?version=20251004234049,Real Sociedad
12949,T. Lemar,Mediocentro,https://cdn-mister.mundodeportivo.com/file/cdn-common/players/12949.png?version=20251006030726,Girona FC
68834,T. Marqués,Mediocentro,https://cdn-mister.mundodeportivo.com/file/cdn-common/players/68834.png?version=20260323141428,FC Barcelona
23147,T. Morente,Mediocentro,https://cdn-mister.mundodeportivo.com/file/cdn-common/players/23147.png?version=20260203085617,Elche CF
47,T. Partey,Mediocentro,https://cdn-mister.mundodeportivo.com/file/cdn-common/players/47.png?version=20250807174337,Villarreal CF
65188,T. Pitarch,Mediocentro,https://cdn-mister.mundodeportivo.com/file/cdn-common/players/65188.png?version=20250818161450,Real Madrid
70151,T. Seidu,Mediocentro,https://cdn-mister.mundodeportivo.com/file/cdn-common/players/70151.png?version=20260407094727,Atlético de Madrid
23172,U. González,Mediocentro,https://cdn-mister.mundodeportivo.com/file/cdn-common/players/23172.png?version=20251003195730,RCD Espanyol
55042,U. Gómez,Mediocentro,https://cdn-mister.mundodeportivo.com/file/cdn-common/players/55042.png?version=20231218001610,Athletic Club
24,U. López,Mediocentro,https://cdn-mister.mundodeportivo.com/file/cdn-common/players/24.png?version=20251004230007,Rayo Vallecano
68478,U. Raghouber,Mediocentro,https://cdn-mister.mundodeportivo.com/file/cdn-common/players/68478.png?version=20260115121703,Levante UD
21366,U. Vencedor,Mediocentro,https://cdn-mister.mundodeportivo.com/file/cdn-common/players/21366.png?version=20251004224026,Levante UD
22486,V. García,Mediocentro,https://cdn-mister.mundodeportivo.com/file/cdn-common/players/22486.png?version=20250703125849,Levante UD
52044,V. Tsygankov,Mediocentro,https://cdn-mister.mundodeportivo.com/file/cdn-common/players/52044.png?version=20251006030802,Girona FC
48194,W. Swedberg,Mediocentro,https://cdn-mister.mundodeportivo.com/file/cdn-common/players/48194.png?version=20251003195414,RC Celta de Vigo
15566,Y. Herrera,Mediocentro,https://cdn-mister.mundodeportivo.com/file/cdn-common/players/15566.png?version=20251004234650,Real Sociedad
63867,Y. Santiago,Mediocentro,https://cdn-mister.mundodeportivo.com/file/cdn-common/players/63867.png?version=20250617095658,Elche CF
1762,Á. Berenguer,Mediocentro,https://cdn-mister.mundodeportivo.com/file/cdn-common/players/1762.png?version=20251003185228,Athletic Club
68677,Á. Fidalgo,Mediocentro,https://cdn-mister.mundodeportivo.com/file/cdn-common/players/68677.png?version=20260323141215,Real Betis Balompié
14911,Á. García,Mediocentro,https://cdn-mister.mundodeportivo.com/file/cdn-common/players/14911.png?version=20251004224331,Rayo Vallecano
70398,Á. Leiva,Mediocentro,https://cdn-mister.mundodeportivo.com/file/cdn-common/players/70398.png?version=20260518194633,Real Madrid
68606,Á. Pérez,Mediocentro,https://cdn-mister.mundodeportivo.com/file/cdn-common/players/68606.png?version=20260323141026,Deportivo Alavés
64122,Á. Sancris,Mediocentro,https://cdn-mister.mundodeportivo.com/file/cdn-common/players/64122.png?version=20250702133133,Getafe CF
12941,Ó. Trejo,Mediocentro,https://cdn-mister.mundodeportivo.com/file/cdn-common/players/12941.png?version=20251004225922,Rayo Vallecano
27518,Ó. Valentín,Mediocentro,https://cdn-mister.mundodeportivo.com/file/cdn-common/players/27518.png?version=20251004225843,Rayo Vallecano
61028,A. Adams,Delantero,https://cdn-mister.mundodeportivo.com/file/cdn-common/players/61028.png?version=20250128085937,Sevilla FC
67870,A. Boayar,Delantero,https://cdn-mister.mundodeportivo.com/file/cdn-common/players/67870.png?version=20251006104849,Elche CF
18004,A. Budimir,Delantero,https://cdn-mister.mundodeportivo.com/file/cdn-common/players/18004.png?version=20251006024916,CA Osasuna
31226,A. Danjuma,Delantero,https://cdn-mister.mundodeportivo.com/file/cdn-common/players/31226.png?version=20240702124019,Valencia CF
33734,A. Ezzalzouli,Delantero,https://cdn-mister.mundodeportivo.com/file/cdn-common/players/33734.png?version=20231217203008,Real Betis Balompié
59633,A. González,Delantero,https://cdn-mister.mundodeportivo.com/file/cdn-common/players/59633.png?version=20251006013207,Villarreal CF
51,A. Griezmann,Delantero,https://cdn-mister.mundodeportivo.com/file/cdn-common/players/51.png?version=20250910193113,Atlético de Madrid
65726,A. Kamara,Delantero,https://cdn-mister.mundodeportivo.com/file/cdn-common/players/65726.png?version=20250902075957,Getafe CF
68676,A. Lookman,Delantero,https://cdn-mister.mundodeportivo.com/file/cdn-common/players/68676.png?version=20260323141155,Atlético de Madrid
68361,A. Mañas,Delantero,https://cdn-mister.mundodeportivo.com/file/cdn-common/players/68361.png?version=20251223093636,Deportivo Alavés
17975,A. Prats,Delantero,https://cdn-mister.mundodeportivo.com/file/cdn-common/players/17975.png?version=20251006031227,RCD Mallorca
52189,A. Pérez,Delantero,https://cdn-mister.mundodeportivo.com/file/cdn-common/players/52189.png?version=20251006020741,Villarreal CF
16999,A. Ruiz,Delantero,https://cdn-mister.mundodeportivo.com/file/cdn-common/players/16999.png?version=20240627131847,Girona FC
61013,A. Santos,Delantero,https://cdn-mister.mundodeportivo.com/file/cdn-common/players/61013.png?version=20251228214253,Real Betis Balompié
14762,A. Silva,Delantero,https://cdn-mister.mundodeportivo.com/file/cdn-common/players/14762.png?version=20250818160944,Elche CF
65722,A. Sánchez,Delantero,https://cdn-mister.mundodeportivo.com/file/cdn-common/players/65722.png?version=20250902074857,Sevilla FC
31355,A. Sørloth,Delantero,https://cdn-mister.mundodeportivo.com/file/cdn-common/players/31355.png?version=20251003193614,Atlético de Madrid
65727,Alemão,Delantero,https://cdn-mister.mundodeportivo.com/file/cdn-common/players/65727.png?version=20250902080200,Rayo Vallecano
128,B. Iglesias,Delantero,https://cdn-mister.mundodeportivo.com/file/cdn-common/players/128.png?version=20251003194754,RC Celta de Vigo
607,B. Mayoral,Delantero,https://cdn-mister.mundodeportivo.com/file/cdn-common/players/607.png?version=20251003195836,Getafe CF
519,C. Bakambu,Delantero,https://cdn-mister.mundodeportivo.com/file/cdn-common/players/519.png?version=20240202084513,Real Betis Balompié
63780,C. Espí,Delantero,https://cdn-mister.mundodeportivo.com/file/cdn-common/players/63780.png?version=20260323155642,Levante UD
12915,C. Hernández,Delantero,https://cdn-mister.mundodeportivo.com/file/cdn-common/players/12915.png?version=20251003194337,Real Betis Balompié
68653,C. Ngonge,Delantero,https://cdn-mister.mundodeportivo.com/file/cdn-common/players/68653.png?version=20260323141115,RCD Espanyol
7910,C. Stuani,Delantero,https://cdn-mister.mundodeportivo.com/file/cdn-common/players/7910.png?version=20251006030218,Girona FC
67935,D. Morcillo,Delantero,https://cdn-mister.mundodeportivo.com/file/cdn-common/players/67935.png?version=20251110095613,Deportivo Alavés
11186,D. Raba,Delantero,https://cdn-mister.mundodeportivo.com/file/cdn-common/players/11186.png?version=20251006014924,Valencia CF
60749,D. Yañez,Delantero,https://cdn-mister.mundodeportivo.com/file/cdn-common/players/60749.png?version=20241209103152,Real Madrid
56924,E. Eyong,Delantero,https://cdn-mister.mundodeportivo.com/file/cdn-common/players/56924.png?version=20251031185323,Levante UD
12916,E. Ávila,Delantero,https://cdn-mister.mundodeportivo.com/file/cdn-common/players/12916.png?version=20251003194421,Real Betis Balompié
35059,F. Jutglà,Delantero,https://cdn-mister.mundodeportivo.com/file/cdn-common/players/35059.png?version=20250624204756,RC Celta de Vigo
11700,F. Torres,Delantero,https://cdn-mister.mundodeportivo.com/file/cdn-common/players/11700.png?version=20260217184557,FC Barcelona
64492,F. Viñas,Delantero,https://cdn-mister.mundodeportivo.com/file/cdn-common/players/64492.png?version=20250727175255,Real Oviedo
70300,G. Carrera,Delantero,https://cdn-mister.mundodeportivo.com/file/cdn-common/players/70300.png?version=20260512090935,Real Sociedad
55993,G. García,Delantero,https://cdn-mister.mundodeportivo.com/file/cdn-common/players/55993.png?version=20250515125706,Real Madrid
10967,G. Guedes,Delantero,https://cdn-mister.mundodeportivo.com/file/cdn-common/players/10967.png?version=20250805081800,Real Sociedad
14791,G. Guruzeta,Delantero,https://cdn-mister.mundodeportivo.com/file/cdn-common/players/14791.png?version=20231205085735,Athletic Club
65704,G. Mikautadze,Delantero,https://cdn-mister.mundodeportivo.com/file/cdn-common/players/65704.png?version=20250901204540,Villarreal CF
476,G. Moreno,Delantero,https://cdn-mister.mundodeportivo.com/file/cdn-common/players/476.png?version=20251031185411,Villarreal CF
11866,H. Duro,Delantero,https://cdn-mister.mundodeportivo.com/file/cdn-common/players/11866.png?version=20251006015522,Valencia CF
28792,H. Hassan,Delantero,https://cdn-mister.mundodeportivo.com/file/cdn-common/players/28792.png?version=20250622160729,Real Oviedo
69015,H. López,Delantero,https://cdn-mister.mundodeportivo.com/file/cdn-common/players/69015.png?version=20260323141519,Villarreal CF
130,I. Aspas,Delantero,https://cdn-mister.mundodeportivo.com/file/cdn-common/players/130.png?version=20251003195047,RC Celta de Vigo
68713,I. Diabate,Delantero,https://cdn-mister.mundodeportivo.com/file/cdn-common/players/68713.png?version=20260323141315,Deportivo Alavés
19524,I. Losada,Delantero,https://cdn-mister.mundodeportivo.com/file/cdn-common/players/19524.png?version=20240706160939,Levante UD
28779,I. Romero,Delantero,https://cdn-mister.mundodeportivo.com/file/cdn-common/players/28779.png?version=20250613151854,Levante UD
56632,I. Romero,Delantero,https://cdn-mister.mundodeportivo.com/file/cdn-common/players/56632.png?version=20251006013448,Sevilla FC
29,I. Williams,Delantero,https://cdn-mister.mundodeportivo.com/file/cdn-common/players/29.png?version=20251003185351,Athletic Club
68260,J. Arango,Delantero,https://cdn-mister.mundodeportivo.com/file/cdn-common/players/68260.png?version=20251209093437,Girona FC
1034,J. Jiménez,Delantero,https://cdn-mister.mundodeportivo.com/file/cdn-common/players/1034.png?version=20240201121646,Getafe CF
48937,J. Karrikaburu,Delantero,https://cdn-mister.mundodeportivo.com/file/cdn-common/players/48937.png?version=20251004233838,Real Sociedad
35943,J. Llabrés,Delantero,https://cdn-mister.mundodeportivo.com/file/cdn-common/players/35943.png?version=20250904092807,RCD Mallorca
269,J. Luis Morales,Delantero,https://cdn-mister.mundodeportivo.com/file/cdn-common/players/269.png?version=20250613112749,Levante UD
14432,J. Puado,Delantero,https://cdn-mister.mundodeportivo.com/file/cdn-common/players/14432.png?version=20240626192042,RCD Espanyol
68400,J. Pérez,Delantero,https://cdn-mister.mundodeportivo.com/file/cdn-common/players/68400.png?version=20260105035316,Getafe CF
59476,J. Álvarez,Delantero,https://cdn-mister.mundodeportivo.com/file/cdn-common/players/59476.png?version=20251228213807,Atlético de Madrid
1684,K. García,Delantero,https://cdn-mister.mundodeportivo.com/file/cdn-common/players/1684.png?version=20251003195620,RCD Espanyol
58954,K. Mbappé,Delantero,https://cdn-mister.mundodeportivo.com/file/cdn-common/players/58954.png?version=20251228213833,Real Madrid
68359,K. Tunde,Delantero,https://cdn-mister.mundodeportivo.com/file/cdn-common/players/68359.png?version=20251223093333,Levante UD
11697,L. Boyé,Delantero,https://cdn-mister.mundodeportivo.com/file/cdn-common/players/11697.png?version=20250822135912,Deportivo Alavés
70498,L. Castell,Delantero,https://cdn-mister.mundodeportivo.com/file/cdn-common/players/70498.png?version=20260525073249,RCD Espanyol
68593,L. Cepeda,Delantero,https://cdn-mister.mundodeportivo.com/file/cdn-common/players/68593.png?version=20260323140945,Elche CF
68524,L. Vázquez,Delantero,https://cdn-mister.mundodeportivo.com/file/cdn-common/players/68524.png?version=20260121185739,Getafe CF
52375,L. Yamal,Delantero,https://cdn-mister.mundodeportivo.com/file/cdn-common/players/52375.png?version=20260217182455,FC Barcelona
70256,M. Cubo,Delantero,https://cdn-mister.mundodeportivo.com/file/cdn-common/players/70256.png?version=20260502195429,Atlético de Madrid
3060,M. Díaz,Delantero,https://cdn-mister.mundodeportivo.com/file/cdn-common/players/3060.png?version=20231221112719,Deportivo Alavés
65089,M. Joseph,Delantero,https://cdn-mister.mundodeportivo.com/file/cdn-common/players/65089.png?version=20250809103625,RCD Mallorca
564,M. Oyarzabal,Delantero,https://cdn-mister.mundodeportivo.com/file/cdn-common/players/564.png?version=20251004234014,Real Sociedad
64457,M. Rashford,Delantero,https://cdn-mister.mundodeportivo.com/file/cdn-common/players/64457.png?version=20251006142743,FC Barcelona
61093,M. Sannadi,Delantero,https://cdn-mister.mundodeportivo.com/file/cdn-common/players/61093.png?version=20251003185515,Athletic Club
68495,M. Satriano,Delantero,https://cdn-mister.mundodeportivo.com/file/cdn-common/players/68495.png?version=20260116190325,Getafe CF
68602,N. Maupay,Delantero,https://cdn-mister.mundodeportivo.com/file/cdn-common/players/68602.png?version=20260323141000,Sevilla FC
59382,N. Pépé,Delantero,https://cdn-mister.mundodeportivo.com/file/cdn-common/players/59382.png?version=20251006021201,Villarreal CF
24789,N. Williams,Delantero,https://cdn-mister.mundodeportivo.com/file/cdn-common/players/24789.png?version=20260414174608,Athletic Club
59789,O. Óskarsson,Delantero,https://cdn-mister.mundodeportivo.com/file/cdn-common/players/59789.png?version=20251004234219,Real Sociedad
51134,P. Durán,Delantero,https://cdn-mister.mundodeportivo.com/file/cdn-common/players/51134.png?version=20240718155216,RC Celta de Vigo
61012,P. García,Delantero,https://cdn-mister.mundodeportivo.com/file/cdn-common/players/61012.png?version=20251003194631,Real Betis Balompié
6065,P. Milla,Delantero,https://cdn-mister.mundodeportivo.com/file/cdn-common/players/6065.png?version=20240626192223,RCD Espanyol
64496,R. Bardghji,Delantero,https://cdn-mister.mundodeportivo.com/file/cdn-common/players/64496.png?version=20250727223602,FC Barcelona
60888,R. Fernández,Delantero,https://cdn-mister.mundodeportivo.com/file/cdn-common/players/60888.png?version=20250114150015,RCD Espanyol
19927,R. García de Haro,Delantero,https://cdn-mister.mundodeportivo.com/file/cdn-common/players/19927.png?version=20231222193004,CA Osasuna
48684,R. Lewandowski,Delantero,https://cdn-mister.mundodeportivo.com/file/cdn-common/players/48684.png?version=20260217184124,FC Barcelona
22591,R. Mir,Delantero,https://cdn-mister.mundodeportivo.com/file/cdn-common/players/22591.png?version=20251006023455,Elche CF
29402,R. Nteka,Delantero,https://cdn-mister.mundodeportivo.com/file/cdn-common/players/29402.png?version=20251004230112,Rayo Vallecano
48657,Raphinha,Delantero,https://cdn-mister.mundodeportivo.com/file/cdn-common/players/48657.png?version=20260217184508,FC Barcelona
17459,Rodrygo,Delantero,https://cdn-mister.mundodeportivo.com/file/cdn-common/players/17459.png?version=20251003184121,Real Madrid
17290,S. Camello,Delantero,https://cdn-mister.mundodeportivo.com/file/cdn-common/players/17290.png?version=20251004230141,Rayo Vallecano
58989,T. Asano,Delantero,https://cdn-mister.mundodeportivo.com/file/cdn-common/players/58989.png?version=20251006032055,RCD Mallorca
68384,T. Borbas,Delantero,https://cdn-mister.mundodeportivo.com/file/cdn-common/players/68384.png?version=20260102132613,Real Oviedo
67879,T. Fernández,Delantero,https://cdn-mister.mundodeportivo.com/file/cdn-common/players/67879.png?version=20251018153449,FC Barcelona
59641,T. Martínez,Delantero,https://cdn-mister.mundodeportivo.com/file/cdn-common/players/59641.png?version=20251006024644,Deportivo Alavés
65625,T. Oluwaseyi,Delantero,https://cdn-mister.mundodeportivo.com/file/cdn-common/players/65625.png?version=20250829164124,Villarreal CF
66102,U. Izeta,Delantero,https://cdn-mister.mundodeportivo.com/file/cdn-common/players/66102.png?version=20250904092450,Athletic Club
40089,U. Sadiq,Delantero,https://cdn-mister.mundodeportivo.com/file/cdn-common/players/40089.png?version=20251004234421,Valencia CF
68714,V. Birmancevic,Delantero,https://cdn-mister.mundodeportivo.com/file/cdn-common/players/68714.png?version=20260323141333,Getafe CF
12900,V. Júnior,Delantero,https://cdn-mister.mundodeportivo.com/file/cdn-common/players/12900.png?version=20251228214230,Real Madrid
36371,V. Muriqi,Delantero,https://cdn-mister.mundodeportivo.com/file/cdn-common/players/36371.png?version=20251006031838,RCD Mallorca
63353,V. Muñoz,Delantero,https://cdn-mister.mundodeportivo.com/file/cdn-common/players/63353.png?version=20250920091331,CA Osasuna
65690,V. Vanat,Delantero,https://cdn-mister.mundodeportivo.com/file/cdn-common/players/65690.png?version=20250901154759,Girona FC
68654,Wesley,Delantero,https://cdn-mister.mundodeportivo.com/file/cdn-common/players/68654.png?version=20260323141130,Real Sociedad
68715,Z. Luvumbo,Delantero,https://cdn-mister.mundodeportivo.com/file/cdn-common/players/68715.png?version=20260323141349,RCD Mallorca
63779,Á. Forés,Delantero,https://cdn-mister.mundodeportivo.com/file/cdn-common/players/63779.png?version=20250613112409,Real Oviedo
52309,Á. Rodríguez,Delantero,https://cdn-mister.mundodeportivo.com/file/cdn-common/players/52309.png?version=20251006022647,Elche CF
